id_usuario,nombre,correo,telefono,ciudad,departamento,industria,proyecto_activo,seguidores,inversion_total,fecha_registro,nivel_riesgo,edad,genero,experiencia_anios,mentor,tiene_equipo,patente_registrada,premios_ganados,fuente_financiamiento,inversion_angel,inversion_vc,inversion_gobierno,ingresos_mensuales,gastos_mensuales,margen_bruto,clientes_activos,churn_rate,nps_score,tiempo_desarrollo_meses,tecnologia_principal,lenguaje_programacion,base_datos,cloud_provider,usuarios_diarios,sesiones_dia,tiempo_promedio_sesion_min,tasa_conversion,costo_adquisicion,valor_vida_cliente,retorno_inversion,burn_rate,runway_meses,valoracion_actual,ronda_actual,objetivo_ronda,equity_ofrecido,pitch_deck_url,video_pitch_url,estado_validacion
1,Leidy Milena Ríos Ortiz,rodrigovega@example.org,(+57) 609 441 29 29,Bogotá,Valle del Cauca,Edtech,True,2336,641229.66,2025-10-05,Alto,28,Otro,24,True,False,True,0,Bootstrapped,65591.39,353748.7,5307.19,100219.99,260233.87,48.15,1805,14.03,-29,3,Móvil,Go,MongoDB,Azure,1283,3547,28.76,5.38,55.45,1057.49,416.12,62353.97,5,36513616.16,Pre-semilla,4866923.03,14.46,https://conecta-crece.com/pitch/1,https://youtube.com/watch?v=pitch1,Producto
2,Juan Carlos Silva Díaz,sandrasepulveda@example.org,3002949518,Cartagena,Valle del Cauca,E-commerce,True,1189,830257.64,2023-08-02,Alto,24,Otro,8,False,True,True,0,Gobierno,83392.08,444979.11,72966.44,185720.3,84435.21,28.69,584,18.66,-57,18,Móvil,Go,Firebase,Azure,4572,3618,20.85,12.72,390.24,2367.58,-32.34,34968.04,20,3402811.4,Serie A,1102501.39,17.48,https://conecta-crece.com/pitch/2,https://youtube.com/watch?v=pitch2,Escalando
3,Gerardo Jaramillo,krivera@example.com,018008014499,Medellín,Antioquia,SaaS,False,9627,147157.23,2024-08-01,Medio,49,Otro,13,False,True,True,4,Gobierno,27272.82,32981.46,21929.83,314095.57,316998.08,39.55,520,12.16,52,32,IoT,Java,MySQL,AWS,4408,12322,8.74,9.79,64.66,4404.18,199.55,95612.51,19,48597216.13,Semilla,2563024.29,7.66,https://conecta-crece.com/pitch/3,https://youtube.com/watch?v=pitch3,Producto
4,Alejandra Moreno,wpineda@example.net,+573268168112,Cartagena,Antioquia,Edtech,False,2696,842461.0,2023-11-15,Alto,55,M,20,False,False,True,0,VC,263616.56,582165.87,61502.83,29904.66,351301.43,76.29,701,22.23,-83,11,Móvil,Go,PostgreSQL,Azure,4332,14313,18.59,14.48,465.17,7577.13,329.43,72730.15,28,49757952.9,Serie A,2218595.42,17.94,https://conecta-crece.com/pitch/4,https://youtube.com/watch?v=pitch4,Idea
5,Teresa Yuliana Castrillón,sandraortiz@example.net,01 8007 630 572,Bogotá,Valle del Cauca,Fintech,True,9691,251666.09,2025-09-02,Medio,36,M,3,True,True,True,0,VC,21257.2,166603.24,133795.56,107904.17,53618.89,75.49,4677,17.71,-38,33,Blockchain,JavaScript,MySQL,AWS,3541,5824,13.28,7.27,367.25,6766.31,491.29,14349.7,28,36437858.06,Pre-semilla,1280848.85,9.76,https://conecta-crece.com/pitch/5,https://youtube.com/watch?v=pitch5,Escalando
6,Yuliana Dora Solano,alejandrogarcia@example.net,+573289284499,Medellín,Valle del Cauca,Agrotech,True,1285,144481.39,2025-08-31,Medio,50,Otro,4,True,True,True,1,Angel,121924.22,336950.89,172930.08,451318.99,66523.14,10.15,3198,8.69,100,32,IA,Go,Firebase,Google Cloud,1565,4881,7.31,1.35,370.51,703.48,122.48,9763.52,33,25192234.11,Semilla,331553.92,17.7,https://conecta-crece.com/pitch/6,https://youtube.com/watch?v=pitch6,MVP
7,Carlos Gil,mendozajose@example.org,303 470 63 36,Bogotá,Antioquia,Agrotech,True,9383,73178.73,2023-10-27,Bajo,37,Otro,20,True,True,False,5,Crowdfunding,169568.08,221458.89,52153.14,335193.26,126222.2,28.59,1072,20.48,-24,32,IA,Python,MySQL,DigitalOcean,4622,1658,3.12,3.59,139.95,9339.27,434.48,88530.67,26,14320870.82,Serie B,4177037.53,22.59,https://conecta-crece.com/pitch/7,https://youtube.com/watch?v=pitch7,Idea
8,Alejandro Romero,ortegaliliana@example.org,325 550 96 60,Cartagena,Valle del Cauca,SaaS,True,2250,669523.89,2023-05-31,Alto,38,M,4,True,False,False,4,Angel,215283.66,142518.12,126847.59,132727.97,195821.92,73.37,416,3.68,8,20,Web,Python,MongoDB,Google Cloud,2155,2667,22.5,8.5,219.57,195.73,-8.62,88895.11,12,27324955.43,Serie A,2933422.35,8.7,https://conecta-crece.com/pitch/8,https://youtube.com/watch?v=pitch8,MVP
9,Henry Ochoa Mendoza,evelandia@example.net,+573217396175,Cali,Cundinamarca,Healthtech,True,4138,46619.71,2024-12-02,Bajo,28,F,25,False,True,True,1,Angel,264424.86,17350.45,147312.89,166760.55,372381.7,66.16,2032,8.74,79,9,Blockchain,Python,Firebase,Google Cloud,1644,13398,27.64,5.57,412.06,8726.1,72.61,67703.15,28,16480271.36,Pre-semilla,4836101.07,11.98,https://conecta-crece.com/pitch/9,https://youtube.com/watch?v=pitch9,Escalando
10,Karen Margarita Sánchez López,danielazapata@example.com,573229051643,Cartagena,Valle del Cauca,Fintech,True,4329,681120.53,2025-09-20,Alto,33,Otro,9,True,True,False,2,VC,130918.17,688965.09,23129.16,449852.86,76679.45,13.11,3572,1.05,37,15,IA,Go,MySQL,Azure,2581,10888,25.59,10.94,157.16,3161.92,174.62,43228.04,21,27765182.64,Semilla,2131209.35,28.51,https://conecta-crece.com/pitch/10,https://youtube.com/watch?v=pitch10,MVP
11,María Amaya Pulido,davidnavarro@example.org,57 326 400 12 91,Cali,Atlántico,E-commerce,True,5028,617437.34,2023-07-21,Alto,40,M,14,False,False,False,3,Angel,153352.2,555614.78,191966.4,368244.76,263813.22,29.87,2745,3.71,92,18,IA,JavaScript,PostgreSQL,Google Cloud,210,777,8.1,7.39,426.37,821.0,177.94,64827.71,15,35945461.18,Serie B,2497166.99,11.1,https://conecta-crece.com/pitch/11,https://youtube.com/watch?v=pitch11,Idea
12,Enrique Torres Rueda,davidmesa@example.net,573067686125,Bogotá,Atlántico,Edtech,True,8536,893196.53,2023-05-07,Alto,51,M,18,True,True,False,1,Gobierno,200273.32,691524.72,119090.46,475069.76,356657.23,52.89,4135,13.38,40,31,Móvil,Go,Firebase,Azure,2035,13780,19.49,11.6,265.44,6304.81,101.03,12360.92,21,11801229.54,Serie A,1632562.36,18.5,https://conecta-crece.com/pitch/12,https://youtube.com/watch?v=pitch12,MVP
13,Albert Martínez,pvargas@example.com,573208576970,Barranquilla,Antioquia,SaaS,True,1102,155076.5,2025-08-26,Medio,48,F,11,False,False,True,1,Gobierno,116843.04,538857.04,189212.41,10746.45,352358.14,50.3,3907,1.17,-10,22,Blockchain,Go,PostgreSQL,DigitalOcean,1807,4491,13.64,0.92,174.7,6823.5,172.37,20679.25,32,45985126.87,Pre-semilla,4539297.87,19.8,https://conecta-crece.com/pitch/13,https://youtube.com/watch?v=pitch13,Idea
14,Angélica Rojas Herrera,esther25@example.net,6094975102,Barranquilla,Antioquia,IA,False,3027,88527.72,2022-12-01,Bajo,25,F,13,False,True,False,2,VC,228368.91,265388.35,150401.96,416130.22,101506.8,15.73,158,22.72,-87,25,Móvil,Python,MySQL,AWS,2035,3286,25.34,9.51,126.89,4788.25,12.91,95036.92,32,35003302.07,Serie A,880556.26,20.18,https://conecta-crece.com/pitch/14,https://youtube.com/watch?v=pitch14,Idea
15,Efrén Javier Cerón Giraldo,murilloibeth@example.net,3155361631,Medellín,Valle del Cauca,Fintech,True,5161,778902.93,2023-01-07,Alto,46,F,23,True,True,True,0,VC,255087.97,420288.13,24211.01,491938.33,313228.03,34.3,3509,20.18,-83,35,IA,Python,Firebase,DigitalOcean,874,7122,28.86,9.72,416.07,7102.36,189.52,74710.55,20,30834026.47,Serie B,2351125.17,25.64,https://conecta-crece.com/pitch/15,https://youtube.com/watch?v=pitch15,Producto
16,Jesús Rodríguez,james01@example.org,(+57)3193941420,Medellín,Cundinamarca,Healthtech,False,4045,325693.06,2023-01-08,Medio,51,Otro,20,False,False,True,3,VC,54551.96,148483.9,159566.47,170829.08,352223.74,59.08,2263,17.12,32,15,Web,JavaScript,Firebase,DigitalOcean,4558,12441,7.97,7.4,358.8,4536.93,-40.52,32952.38,28,34620179.05,Serie A,3336602.11,14.23,https://conecta-crece.com/pitch/16,https://youtube.com/watch?v=pitch16,Producto
17,Alicia Giraldo,guzmanyeny@example.org,+573127542862,Bucaramanga,Valle del Cauca,Healthtech,False,4488,428376.29,2023-08-12,Medio,41,F,8,True,True,False,0,Crowdfunding,285263.27,483114.49,38308.19,369563.72,111178.65,51.27,4297,18.31,-75,15,IA,JavaScript,MongoDB,Google Cloud,2486,251,21.53,2.34,32.3,639.81,110.68,94688.51,34,5219123.57,Pre-semilla,2891617.89,16.73,https://conecta-crece.com/pitch/17,https://youtube.com/watch?v=pitch17,Escalando
18,Manuel Alberto Domínguez Pacheco,diazcamila@example.org,018006941699,Bogotá,Valle del Cauca,IA,False,1919,344002.4,2025-04-16,Medio,26,F,16,True,True,True,1,Crowdfunding,284737.69,59626.64,49638.19,279478.44,166936.67,51.73,1848,23.5,-3,31,Blockchain,Java,Firebase,Azure,4668,10194,2.75,14.42,58.62,7651.1,294.03,30141.38,8,7937148.96,Semilla,2782361.62,8.91,https://conecta-crece.com/pitch/18,https://youtube.com/watch?v=pitch18,Escalando
19,Concepción Restrepo Gómez,iarroyo@example.org,+57 608 621 09 23,Cartagena,Atlántico,Healthtech,True,3842,453251.19,2025-06-04,Medio,40,Otro,10,False,True,True,2,Crowdfunding,198354.91,653567.92,85027.79,272736.63,259335.78,73.59,1165,3.07,-58,22,IoT,Rust,MongoDB,DigitalOcean,1028,7699,20.97,10.65,471.91,5054.67,221.59,12641.98,5,44482202.18,Serie A,3038382.52,5.65,https://conecta-crece.com/pitch/19,https://youtube.com/watch?v=pitch19,MVP
20,José Alonso Ballesteros,andrespena@example.com,300 071 12 91,Cartagena,Cundinamarca,IA,False,9491,962101.55,2023-07-18,Alto,24,M,16,False,False,True,4,Gobierno,190435.42,344208.06,18248.48,174632.57,133856.71,56.91,1317,10.56,77,34,IA,Go,MySQL,DigitalOcean,731,5173,8.32,2.18,388.55,8662.61,403.71,5109.35,32,20721053.78,Semilla,2616274.99,20.57,https://conecta-crece.com/pitch/20,https://youtube.com/watch?v=pitch20,Escalando
21,Eugenia Beltrán,nosorio@example.com,(+57)3148181934,Bogotá,Antioquia,Healthtech,True,4769,627281.7,2025-08-17,Alto,50,Otro,16,True,True,True,5,Angel,93225.04,9572.13,81598.14,113125.63,336689.15,17.94,962,19.78,-61,34,IA,Rust,MongoDB,DigitalOcean,3962,7756,8.07,8.49,197.96,9226.49,229.53,88535.99,7,13884745.4,Serie B,1732382.45,24.69,https://conecta-crece.com/pitch/21,https://youtube.com/watch?v=pitch21,Producto
22,Sandra Valencia,alcides56@example.net,3007773271,Cali,Valle del Cauca,IA,False,2484,821446.73,2023-02-02,Alto,50,Otro,16,False,False,False,3,VC,260880.5,686542.24,47761.11,192102.45,342520.38,38.75,2606,22.6,80,27,Blockchain,JavaScript,Firebase,AWS,1044,8249,29.0,5.31,59.18,8465.89,4.84,91491.96,3,36149947.0,Serie B,4361118.21,29.25,https://conecta-crece.com/pitch/22,https://youtube.com/watch?v=pitch22,Idea
23,Laura Fernanda Trujillo Riascos,florezfabian@example.net,57 318 514 29 83,Cali,Valle del Cauca,E-commerce,False,1365,472143.15,2023-02-08,Medio,43,Otro,18,False,False,False,4,Bootstrapped,185237.84,164339.17,136879.91,144402.12,91612.52,16.33,806,23.05,80,9,Blockchain,JavaScript,MongoDB,AWS,386,5334,24.09,4.75,193.67,1541.14,242.14,58763.17,14,8582184.09,Pre-semilla,3066984.35,14.56,https://conecta-crece.com/pitch/23,https://youtube.com/watch?v=pitch23,MVP
24,Hernando Jaime Medina Nieto,maria37@example.org,7999058,Cartagena,Antioquia,Edtech,False,4211,500178.92,2023-07-24,Alto,51,F,22,True,False,False,5,Crowdfunding,47392.69,309210.85,69113.12,294198.28,255864.33,39.7,2048,14.25,-23,15,Blockchain,Go,MySQL,Google Cloud,3134,9390,11.41,4.79,352.65,317.2,406.52,42601.55,3,28339857.95,Pre-semilla,4557553.92,23.63,https://conecta-crece.com/pitch/24,https://youtube.com/watch?v=pitch24,Producto
25,Diego René Alvarado,anapena@example.com,324 872 61 30,Medellín,Valle del Cauca,Edtech,True,4156,776862.27,2022-11-07,Alto,30,Otro,4,True,False,False,0,Crowdfunding,109458.37,91988.26,181925.56,164032.84,166668.83,24.06,4418,26.42,-7,36,IoT,Java,PostgreSQL,Azure,3957,13233,9.56,13.12,404.07,4736.48,-8.59,76644.39,17,43021015.79,Serie B,4837985.25,25.11,https://conecta-crece.com/pitch/25,https://youtube.com/watch?v=pitch25,Producto
26,David Méndez Pérez,njaramillo@example.org,858 65 00,Barranquilla,Cundinamarca,Healthtech,True,7501,94851.36,2023-02-26,Bajo,45,Otro,24,False,False,False,0,Angel,141443.06,433682.81,188633.83,164675.13,244344.81,55.34,3803,27.37,-23,29,Web,JavaScript,MySQL,AWS,2503,8091,4.37,3.9,273.4,3947.59,154.06,95191.17,29,29408283.24,Semilla,4432798.23,21.37,https://conecta-crece.com/pitch/26,https://youtube.com/watch?v=pitch26,Escalando
27,Rosa Yury Rodríguez Soto,albarojas@example.org,3239938294,Cali,Cundinamarca,SaaS,False,3609,617573.95,2025-01-19,Alto,50,F,8,False,True,False,4,VC,18165.03,193117.01,193641.38,474556.38,329817.08,16.42,1737,19.61,52,4,Web,Java,PostgreSQL,Google Cloud,4635,3382,2.99,11.59,111.51,2237.92,428.33,36213.16,12,39453323.34,Pre-semilla,1422510.49,29.6,https://conecta-crece.com/pitch/27,https://youtube.com/watch?v=pitch27,MVP
28,Dora Salamanca,rmeneses@example.net,325 201 46 95,Medellín,Cundinamarca,SaaS,True,2209,542514.38,2023-07-03,Alto,22,F,8,False,True,True,2,Bootstrapped,38027.56,294672.39,22729.86,32715.46,179751.47,35.34,4863,4.16,28,17,IoT,Python,MongoDB,DigitalOcean,265,1016,29.96,12.79,218.87,1168.82,341.82,47138.42,8,16173379.81,Semilla,375127.05,11.88,https://conecta-crece.com/pitch/28,https://youtube.com/watch?v=pitch28,Producto
29,Wilmer Eder Gómez,alixhurtado@example.net,573278841835,Cartagena,Valle del Cauca,Agrotech,False,1674,383999.88,2023-01-26,Medio,29,Otro,21,True,False,False,1,Gobierno,101679.49,317449.23,83197.93,48447.83,171164.19,56.56,3066,28.65,75,33,Web,Python,MySQL,AWS,3547,1602,22.59,5.9,73.76,693.81,476.14,58359.92,10,20599350.78,Serie B,4347056.14,23.03,https://conecta-crece.com/pitch/29,https://youtube.com/watch?v=pitch29,Producto
30,Paola Patricia López Rodríguez,omar93@example.com,+57 319 358 88 71,Cali,Cundinamarca,E-commerce,True,2585,602408.04,2025-05-25,Alto,52,M,4,False,False,True,2,Crowdfunding,67847.73,300378.69,112193.14,383948.83,248992.14,57.25,4560,1.76,68,20,Web,JavaScript,MongoDB,Azure,2793,5771,1.18,13.11,287.5,4067.77,28.03,65151.34,4,4678708.38,Semilla,1912162.31,16.34,https://conecta-crece.com/pitch/30,https://youtube.com/watch?v=pitch30,MVP
31,Hernando Navarro,frios@example.net,3098105987,Bucaramanga,Valle del Cauca,IA,True,911,373202.83,2024-06-22,Medio,31,M,25,True,True,False,3,Gobierno,145698.51,309430.93,54633.37,377716.63,46235.95,40.09,2320,20.67,51,34,IoT,Java,MySQL,Google Cloud,3247,9839,2.59,3.46,473.21,7696.76,370.29,32497.48,10,485722.34,Serie B,919689.27,14.51,https://conecta-crece.com/pitch/31,https://youtube.com/watch?v=pitch31,MVP
32,John Orlando Gutiérrez Vargas,palacioyuliana@example.com,57 309 250 36 00,Bucaramanga,Valle del Cauca,Fintech,False,743,502761.03,2023-07-16,Alto,49,M,15,True,False,False,4,Gobierno,212849.69,292385.77,23034.67,11407.42,130447.46,66.09,3769,25.13,-8,8,Blockchain,Python,PostgreSQL,DigitalOcean,4834,6580,16.19,6.24,162.03,3461.18,133.19,20972.61,35,31697910.88,Semilla,4534317.52,13.73,https://conecta-crece.com/pitch/32,https://youtube.com/watch?v=pitch32,MVP
33,Eduardo Jaramillo Quintero,angelica83@example.net,573282128209,Medellín,Valle del Cauca,Edtech,True,9919,240087.5,2024-04-25,Medio,31,Otro,3,True,False,False,4,Crowdfunding,134671.58,646907.98,112898.36,318013.86,250109.09,70.5,2589,5.38,-83,33,Blockchain,Java,MongoDB,AWS,2893,8332,3.15,7.2,28.43,3750.5,107.89,66243.31,8,30788918.58,Serie B,2340422.71,18.86,https://conecta-crece.com/pitch/33,https://youtube.com/watch?v=pitch33,Idea
34,Rosa Rodríguez Calderón,rinconines@example.com,+57 309 798 97 26,Cartagena,Antioquia,Healthtech,False,8264,452485.04,2023-11-21,Medio,31,M,15,True,False,True,4,Angel,11742.64,495335.19,198197.2,262510.21,244234.32,35.47,2317,12.24,98,24,IoT,Python,MongoDB,AWS,2710,1568,17.18,6.11,133.48,8530.51,480.43,62256.58,12,16734765.6,Semilla,4587894.95,12.76,https://conecta-crece.com/pitch/34,https://youtube.com/watch?v=pitch34,Escalando
35,Franklin Romero Pérez,juanlopez@example.net,3146902871,Bucaramanga,Cundinamarca,Healthtech,False,5431,133306.9,2025-03-17,Medio,30,Otro,23,True,False,False,0,VC,92659.82,665818.52,68346.47,383311.95,77448.49,80.0,1269,3.24,-75,35,IoT,Rust,MySQL,Azure,1083,9805,11.92,2.85,417.36,7733.87,394.97,20726.22,31,2280252.15,Serie A,3397996.46,10.94,https://conecta-crece.com/pitch/35,https://youtube.com/watch?v=pitch35,Escalando
36,Óscar Néstor Moreno,davidtamayo@example.net,+57 605 358 07 94,Bucaramanga,Atlántico,Edtech,True,5120,612542.45,2025-08-05,Alto,52,M,12,False,False,False,3,Crowdfunding,158237.94,676387.71,163378.25,400828.35,56048.7,27.5,3936,26.35,41,9,IoT,Python,MongoDB,AWS,1323,4489,14.03,7.94,417.21,1007.96,450.78,82586.81,25,46530549.16,Serie B,313621.59,17.55,https://conecta-crece.com/pitch/36,https://youtube.com/watch?v=pitch36,MVP
37,Jesús Ricardo Palacio Moreno,jose73@example.net,3058620690,Bogotá,Valle del Cauca,Edtech,True,5271,389235.29,2022-11-21,Medio,28,Otro,21,False,True,True,0,VC,275218.85,330718.45,166222.1,379661.74,188068.76,53.07,649,1.55,-45,12,IoT,Rust,Firebase,AWS,2370,3913,9.73,1.19,215.71,7959.6,201.41,15531.5,34,29877278.24,Pre-semilla,3178176.96,19.38,https://conecta-crece.com/pitch/37,https://youtube.com/watch?v=pitch37,MVP
38,Juliana Marcela Vergara,guevararubiela@example.net,(+57)3042394635,Bogotá,Valle del Cauca,Edtech,False,3118,294815.63,2023-12-19,Medio,27,Otro,12,True,True,False,3,Bootstrapped,190701.24,686727.6,50730.05,9104.87,315577.19,34.14,849,23.37,88,24,Móvil,Python,MongoDB,Azure,1444,13625,23.6,7.24,350.74,6354.18,396.32,10994.55,32,1945491.13,Semilla,266841.06,9.99,https://conecta-crece.com/pitch/38,https://youtube.com/watch?v=pitch38,Idea
39,Omar Hurtado,ualzate@example.net,57 321 453 51 84,Cali,Atlántico,IA,False,4200,319017.84,2025-01-10,Medio,24,Otro,7,False,False,True,5,VC,81964.98,559539.69,87390.28,200610.87,176342.86,76.95,2777,29.24,27,34,IA,Rust,MongoDB,AWS,3487,1313,13.49,14.93,98.42,3008.29,6.43,36152.39,21,15394143.22,Serie B,874891.62,16.1,https://conecta-crece.com/pitch/39,https://youtube.com/watch?v=pitch39,Escalando
40,Alexandra Carolina Torres,qrojas@example.com,+573160173901,Cali,Atlántico,Healthtech,True,1279,47143.39,2023-11-25,Bajo,47,F,17,True,True,True,4,Gobierno,10439.69,47063.35,155703.07,183797.91,153635.48,49.71,4956,5.45,15,26,IA,Go,MySQL,Google Cloud,4347,6032,12.54,9.92,132.31,1223.14,354.62,52409.18,27,45685771.04,Pre-semilla,1345794.55,11.51,https://conecta-crece.com/pitch/40,https://youtube.com/watch?v=pitch40,Escalando
41,Karen Valentina Ríos,sandradelgado@example.net,6055497107,Cartagena,Valle del Cauca,SaaS,False,3329,218497.57,2025-04-27,Medio,29,M,3,False,True,False,0,VC,200351.94,496678.34,109999.43,145890.78,120542.71,21.03,1426,24.02,30,17,Web,JavaScript,PostgreSQL,Google Cloud,4057,450,11.47,8.8,239.03,9831.82,21.37,89003.41,7,15533606.8,Serie B,2652193.49,24.23,https://conecta-crece.com/pitch/41,https://youtube.com/watch?v=pitch41,Idea
42,Richard Felix Arenas Castillo,alvaro03@example.org,+573174670917,Cali,Cundinamarca,Agrotech,False,8526,129700.15,2025-07-23,Medio,44,M,25,True,True,False,4,Bootstrapped,249417.24,362671.49,60824.91,81821.51,373947.34,25.78,4250,26.95,-80,19,Móvil,Rust,MongoDB,Google Cloud,2490,10086,16.47,7.79,92.63,9421.91,34.81,67579.62,24,42142247.21,Pre-semilla,4134919.52,5.71,https://conecta-crece.com/pitch/42,https://youtube.com/watch?v=pitch42,Idea
43,Jonathan Rentería Torres,phenao@example.com,018006048517,Cartagena,Valle del Cauca,SaaS,True,9423,948804.12,2025-05-15,Alto,48,Otro,21,True,False,False,5,VC,144883.45,563281.71,136998.17,149419.5,29930.83,14.19,3601,13.05,18,16,IA,Rust,PostgreSQL,Azure,2625,12049,29.65,5.51,205.37,7630.58,233.24,15087.47,18,23376981.1,Serie A,2275500.26,8.52,https://conecta-crece.com/pitch/43,https://youtube.com/watch?v=pitch43,Idea
44,Diego Castro,stivenmora@example.com,018002200609,Barranquilla,Atlántico,Edtech,True,5414,293760.94,2024-06-18,Medio,42,M,25,True,False,False,3,VC,149211.08,63034.37,78648.44,229158.09,96898.87,50.83,398,2.47,26,33,IA,Rust,MySQL,AWS,3540,2214,26.59,11.05,384.29,3722.78,170.32,59176.76,15,18189936.42,Serie A,413982.16,17.61,https://conecta-crece.com/pitch/44,https://youtube.com/watch?v=pitch44,Producto
45,Juan Jhon García,fuentesmaria@example.com,+57 313 963 70 95,Cartagena,Cundinamarca,Edtech,True,6503,826184.76,2024-04-06,Alto,45,F,18,False,True,True,4,Crowdfunding,120416.13,28178.43,7782.79,357082.33,321743.17,46.35,1220,18.58,31,11,IA,Rust,MongoDB,Google Cloud,3229,10120,22.44,4.84,174.82,8300.06,242.79,72330.28,22,23797140.74,Pre-semilla,1873371.16,21.85,https://conecta-crece.com/pitch/45,https://youtube.com/watch?v=pitch45,Escalando
46,Erick Burbano,medinaabel@example.org,+573071907620,Bucaramanga,Cundinamarca,E-commerce,False,4400,585783.63,2025-04-10,Alto,36,Otro,2,False,True,False,1,Angel,9471.15,663743.62,21979.1,10449.75,126026.04,20.6,1670,12.9,98,33,Web,JavaScript,PostgreSQL,Azure,3928,8629,11.93,14.37,235.24,5377.96,250.45,69207.51,19,30542821.35,Semilla,4788820.11,11.98,https://conecta-crece.com/pitch/46,https://youtube.com/watch?v=pitch46,Producto
47,Inés Esperanza Arévalo Riascos,gerardo39@example.org,(+57)3096965213,Cali,Valle del Cauca,SaaS,True,8061,228742.7,2024-05-02,Medio,42,F,12,False,False,True,4,Crowdfunding,113908.26,686112.38,163675.49,477349.82,322002.64,30.33,2356,28.7,-80,25,Blockchain,Java,Firebase,Google Cloud,1665,13585,16.62,14.03,351.12,1459.0,288.62,60748.9,18,2633194.95,Semilla,3207825.64,6.31,https://conecta-crece.com/pitch/47,https://youtube.com/watch?v=pitch47,Escalando
48,Adalberto Espitia,ospinamartin@example.com,573241137198,Barranquilla,Cundinamarca,SaaS,True,134,333642.16,2023-12-08,Medio,32,F,21,False,False,True,2,VC,85624.6,41413.81,153745.0,326497.07,93502.3,61.71,305,27.48,-56,29,Móvil,Python,Firebase,DigitalOcean,1536,12291,28.9,13.93,439.6,191.74,262.38,15193.57,24,14299626.45,Serie B,4451836.82,8.35,https://conecta-crece.com/pitch/48,https://youtube.com/watch?v=pitch48,Escalando
49,Michael Antonio Marín,luis64@example.org,(+57) 315 995 77 63,Bogotá,Valle del Cauca,Edtech,False,4265,276472.9,2025-04-25,Medio,33,M,24,False,False,True,1,Crowdfunding,256843.95,627929.93,165397.97,258125.05,35425.72,56.85,1513,29.47,22,23,Móvil,Python,MongoDB,DigitalOcean,1939,7339,22.86,14.33,157.95,7256.54,-43.71,67099.92,18,3200004.16,Pre-semilla,2353705.21,8.99,https://conecta-crece.com/pitch/49,https://youtube.com/watch?v=pitch49,Producto
50,Raúl Díaz Rojas,murillocandelaria@example.net,3059171877,Bucaramanga,Valle del Cauca,Healthtech,True,3640,691838.93,2024-10-05,Alto,30,F,5,False,False,False,5,Crowdfunding,273839.07,530145.37,160399.0,412976.15,304934.36,57.62,4880,26.32,-80,36,Blockchain,Rust,MongoDB,AWS,4631,1858,2.79,8.44,257.69,5769.75,32.42,36171.18,36,22147843.58,Semilla,3598743.93,17.22,https://conecta-crece.com/pitch/50,https://youtube.com/watch?v=pitch50,Escalando
51,Manuel Luis Orjuela Leal,andreabernal@example.org,(+57)6058747847,Barranquilla,Antioquia,E-commerce,False,7534,809648.62,2022-11-23,Alto,25,Otro,15,False,True,False,2,Bootstrapped,223741.34,404817.89,9057.96,172919.9,26252.96,79.59,565,29.6,20,5,IA,Go,PostgreSQL,Google Cloud,3453,6155,29.79,6.05,436.11,9077.0,156.61,69859.38,11,32711351.51,Serie A,637234.18,29.82,https://conecta-crece.com/pitch/51,https://youtube.com/watch?v=pitch51,Escalando
52,Carlos Iván Ramírez,luiscordoba@example.com,3012544704,Bucaramanga,Antioquia,IA,True,422,531198.33,2025-05-19,Alto,41,F,22,False,False,True,1,Gobierno,103847.92,192954.81,187482.07,362786.95,45847.58,66.66,3434,18.83,-96,18,Móvil,Python,MySQL,AWS,3667,9814,20.49,13.15,129.92,537.94,191.43,56277.18,6,7092765.2,Serie A,1209099.51,27.91,https://conecta-crece.com/pitch/52,https://youtube.com/watch?v=pitch52,Producto
53,Catalina Ángel,sierramaria@example.net,01 8005 998 467,Bucaramanga,Valle del Cauca,Edtech,False,2397,579587.44,2025-01-20,Alto,55,M,14,False,False,True,4,Crowdfunding,263914.17,638104.37,125198.63,214173.09,198651.82,78.06,3122,23.79,-19,29,Blockchain,JavaScript,MongoDB,DigitalOcean,1516,12380,16.6,3.99,120.42,8589.66,29.39,48987.39,6,28163058.88,Serie B,2808569.45,8.35,https://conecta-crece.com/pitch/53,https://youtube.com/watch?v=pitch53,MVP
54,Alberto Sebastián Buitrago Giraldo,bautistapatricia@example.org,606 635 34 30,Cali,Cundinamarca,Agrotech,False,1564,258720.67,2025-09-20,Medio,34,M,9,False,True,True,1,Crowdfunding,217291.57,391195.33,95878.84,434867.45,133719.35,76.99,125,7.14,-52,10,Blockchain,JavaScript,PostgreSQL,DigitalOcean,1970,9065,10.33,4.6,238.46,6522.34,119.63,39166.24,34,23353602.94,Serie B,3820063.4,13.01,https://conecta-crece.com/pitch/54,https://youtube.com/watch?v=pitch54,MVP
55,Fabián Óscar González Rojas,lcalderon@example.net,+573161842406,Barranquilla,Cundinamarca,E-commerce,True,2440,373851.4,2025-03-15,Medio,23,F,18,False,False,True,1,VC,69005.59,398852.66,49146.0,275770.62,377431.05,33.63,4002,29.03,64,34,Blockchain,JavaScript,MongoDB,Google Cloud,1156,11821,16.85,3.17,445.79,9904.2,476.48,54774.72,7,47264886.75,Pre-semilla,3833477.28,15.31,https://conecta-crece.com/pitch/55,https://youtube.com/watch?v=pitch55,MVP
56,Andrea Murillo,oscarpena@example.net,+57 319 581 69 79,Medellín,Cundinamarca,Edtech,False,6164,72628.1,2025-03-26,Bajo,25,Otro,21,False,False,True,0,Crowdfunding,165493.07,8295.68,105883.53,138095.63,391009.76,11.2,3527,24.38,-55,9,Web,Rust,PostgreSQL,Google Cloud,1582,10174,16.27,12.32,140.99,4029.27,155.18,43572.6,18,49512628.28,Semilla,1534874.47,25.7,https://conecta-crece.com/pitch/56,https://youtube.com/watch?v=pitch56,Idea
57,Antonio Gutiérrez,ngonzalez@example.net,+573146582817,Bucaramanga,Cundinamarca,Fintech,False,6263,655467.04,2024-03-23,Alto,46,Otro,16,True,True,True,0,Gobierno,253598.94,451435.07,66254.12,488687.28,389556.83,72.64,348,7.66,77,33,IA,Python,MySQL,Azure,4458,9252,20.09,3.1,426.71,255.02,63.94,18698.2,28,46450859.52,Serie A,854128.74,11.01,https://conecta-crece.com/pitch/57,https://youtube.com/watch?v=pitch57,Escalando
58,Miriam Monroy,rodriguezdaniel@example.net,+576076583490,Cartagena,Valle del Cauca,Agrotech,True,1334,678649.79,2025-10-21,Alto,54,Otro,12,True,True,False,1,Bootstrapped,102177.82,538303.96,190971.68,198954.82,309603.12,12.07,2239,23.72,15,34,Móvil,Java,Firebase,DigitalOcean,1531,11156,17.99,6.01,388.36,3024.26,85.55,11983.13,20,7795626.1,Semilla,3711293.68,12.92,https://conecta-crece.com/pitch/58,https://youtube.com/watch?v=pitch58,Idea
59,Nathalia Romero,pinzongloria@example.org,3163242425,Cali,Atlántico,Healthtech,False,1724,96062.83,2023-04-21,Bajo,30,M,6,False,False,False,0,Bootstrapped,26885.65,387953.86,119384.91,392434.92,345596.3,10.86,3389,12.25,-79,18,IoT,Rust,PostgreSQL,DigitalOcean,1398,2294,8.8,4.39,81.51,1755.35,101.78,33476.46,7,18120133.12,Semilla,3618452.29,17.4,https://conecta-crece.com/pitch/59,https://youtube.com/watch?v=pitch59,MVP
60,Orlando Sánchez,angelica99@example.org,(+57)3221260740,Medellín,Valle del Cauca,Fintech,False,5493,460572.32,2025-05-08,Medio,46,F,15,False,False,True,2,VC,180963.38,486704.61,95801.95,89641.0,159777.24,32.34,4022,29.07,100,18,IA,Go,MongoDB,DigitalOcean,3000,1885,28.03,3.4,498.66,1881.28,372.19,7557.03,32,47154448.28,Semilla,2220352.02,12.28,https://conecta-crece.com/pitch/60,https://youtube.com/watch?v=pitch60,Idea
61,Carlos Rojas Orozco,moralesesmeralda@example.org,(+57)6051269597,Barranquilla,Atlántico,Edtech,False,4015,819870.74,2024-09-28,Alto,38,Otro,5,False,False,True,3,Crowdfunding,143770.41,280563.57,101322.53,460275.7,276930.18,48.06,2945,21.35,37,8,Web,JavaScript,MongoDB,Google Cloud,372,9247,29.52,10.32,205.81,7551.56,481.14,45893.28,3,5020467.27,Semilla,2577847.39,17.97,https://conecta-crece.com/pitch/61,https://youtube.com/watch?v=pitch61,MVP
62,Cecilia Gómez,patricia21@example.com,3201961598,Barranquilla,Atlántico,IA,True,5701,448549.66,2023-06-19,Medio,23,F,4,False,False,True,0,Angel,104498.6,240146.68,156854.0,261036.3,139841.48,16.83,3706,10.25,-24,5,Web,Python,MongoDB,AWS,1356,12152,8.07,3.03,88.47,5642.5,477.15,27026.28,28,31525039.91,Semilla,3220370.44,15.8,https://conecta-crece.com/pitch/62,https://youtube.com/watch?v=pitch62,Idea
63,Amparo Bolívar Cardona,hernandezandres@example.org,(+57)3290904112,Medellín,Atlántico,E-commerce,False,6420,738701.43,2023-12-04,Alto,22,Otro,7,True,False,True,4,Bootstrapped,239850.71,375822.31,73158.61,99340.06,46290.82,56.95,4009,16.3,63,23,IoT,Go,Firebase,AWS,2860,5786,25.52,9.45,408.73,7089.28,113.59,63376.03,8,33638293.08,Serie A,633415.18,12.63,https://conecta-crece.com/pitch/63,https://youtube.com/watch?v=pitch63,MVP
64,Aurora Lucila Sepúlveda Figueroa,luisa08@example.net,3138806562,Medellín,Atlántico,Agrotech,True,9467,376439.54,2022-12-20,Medio,46,F,6,False,True,True,3,VC,42088.96,220206.01,90200.19,27752.02,144128.44,10.67,1118,6.66,-2,35,Blockchain,Go,Firebase,DigitalOcean,3646,8026,5.85,8.7,399.98,2283.24,-32.02,26360.12,21,8493627.97,Serie B,2849969.78,24.31,https://conecta-crece.com/pitch/64,https://youtube.com/watch?v=pitch64,Escalando
65,Andrés Pérez Marín,zapatamaria@example.net,+573239834400,Bogotá,Cundinamarca,Healthtech,False,8930,551977.55,2025-06-19,Alto,24,Otro,15,True,False,True,5,Angel,89312.68,699518.87,89946.47,174939.91,326838.05,40.73,961,23.49,-40,16,IoT,Java,Firebase,Google Cloud,1150,12878,6.99,3.5,39.09,3573.07,104.6,56183.01,23,48952107.8,Serie A,1482199.56,11.68,https://conecta-crece.com/pitch/65,https://youtube.com/watch?v=pitch65,Idea
66,Yolanda Amaya,rosa66@example.net,(+57) 313 575 42 46,Barranquilla,Cundinamarca,Healthtech,True,2224,139910.96,2025-05-17,Medio,37,M,23,False,True,False,3,Angel,173227.66,188102.01,82845.02,226543.87,253744.2,71.61,762,12.68,91,20,IA,Go,Firebase,Azure,4777,60,26.2,12.78,55.64,9724.29,299.16,71242.45,7,39804328.54,Serie B,1128258.18,15.74,https://conecta-crece.com/pitch/66,https://youtube.com/watch?v=pitch66,MVP
67,Eduardo Santos Pérez,qreyes@example.com,+573245028130,Cali,Valle del Cauca,Healthtech,True,9325,497241.37,2023-09-11,Medio,53,F,22,True,True,True,5,Gobierno,4884.41,650603.01,31596.7,228802.55,396741.82,39.95,1080,26.58,-23,13,IA,Python,MongoDB,Azure,685,6112,20.27,9.91,35.38,6293.48,349.29,76747.05,30,32808712.9,Pre-semilla,55377.2,16.92,https://conecta-crece.com/pitch/67,https://youtube.com/watch?v=pitch67,MVP
68,Socorro Romero,zbejarano@example.org,(+57)6054821400,Cartagena,Atlántico,Fintech,True,5679,595711.1,2024-12-24,Alto,29,F,23,True,False,True,1,Gobierno,26799.32,564169.78,20640.31,184413.28,120262.73,36.79,1090,19.61,73,12,Web,Rust,MySQL,Google Cloud,3615,5773,21.95,9.61,84.17,4175.93,327.61,86696.44,8,44839987.99,Semilla,3774605.95,19.74,https://conecta-crece.com/pitch/68,https://youtube.com/watch?v=pitch68,Escalando
69,Vanesa Omaira Cardona,diana56@example.com,3290593361,Barranquilla,Valle del Cauca,IA,True,4109,354777.96,2024-08-21,Medio,39,Otro,3,True,False,True,5,VC,61633.72,424848.81,37729.3,196483.76,258750.97,64.87,1960,15.35,-72,18,Blockchain,Rust,MySQL,AWS,2968,5205,4.83,12.98,288.51,3717.58,325.62,77458.96,7,932801.15,Pre-semilla,118277.46,10.39,https://conecta-crece.com/pitch/69,https://youtube.com/watch?v=pitch69,Idea
70,Inés Alejandra Ceballos Vargas,mariapinzon@example.com,01 8008 101 741,Barranquilla,Valle del Cauca,SaaS,False,6989,948936.6,2024-12-17,Alto,47,M,21,True,False,True,2,Bootstrapped,153391.41,142238.25,161612.02,268658.7,156780.02,54.4,541,9.99,11,18,Web,JavaScript,MySQL,DigitalOcean,960,7448,18.76,1.3,336.38,6614.72,46.61,6203.17,11,35104830.6,Semilla,2507244.02,13.67,https://conecta-crece.com/pitch/70,https://youtube.com/watch?v=pitch70,Producto
71,José Jairo Duarte Castaño,luis24@example.org,(+57)6078779251,Medellín,Valle del Cauca,SaaS,True,530,171128.14,2025-07-25,Medio,43,F,9,True,False,True,3,Gobierno,153234.56,38807.38,171871.96,84273.81,63598.14,64.13,4701,20.55,-71,17,IoT,Python,MySQL,AWS,2013,773,14.68,6.05,83.54,9318.48,421.62,57522.15,29,11303314.16,Semilla,2110470.16,23.01,https://conecta-crece.com/pitch/71,https://youtube.com/watch?v=pitch71,Producto
72,Daniel Milton Rojas Padilla,dollygomez@example.com,319 495 91 29,Cartagena,Valle del Cauca,Fintech,True,2988,826867.01,2024-04-20,Alto,36,Otro,2,False,True,False,2,VC,98190.28,387163.98,1593.83,101134.91,225871.65,31.27,1987,14.45,51,34,Móvil,Rust,PostgreSQL,Google Cloud,62,6738,1.69,8.35,321.61,6965.26,-44.72,36826.65,27,42465398.79,Serie A,564547.65,18.25,https://conecta-crece.com/pitch/72,https://youtube.com/watch?v=pitch72,MVP
73,Yaneth Dolly Alfonso,borozco@example.org,917 96 62,Bogotá,Antioquia,SaaS,False,1574,422716.76,2024-09-02,Medio,24,M,17,False,False,False,5,Bootstrapped,174231.19,353799.43,127443.14,197781.29,237084.79,14.36,1070,7.87,-34,23,Blockchain,Java,MongoDB,DigitalOcean,2237,3847,3.17,3.44,392.17,5888.61,35.48,20615.62,32,15770261.06,Pre-semilla,2702826.52,29.12,https://conecta-crece.com/pitch/73,https://youtube.com/watch?v=pitch73,MVP
74,Salvador José Perea,sarmientopablo@example.com,+57 307 345 68 25,Barranquilla,Valle del Cauca,IA,True,1531,454657.49,2023-02-10,Medio,32,Otro,10,True,True,False,1,Bootstrapped,213347.22,677880.0,79248.89,25426.36,120097.21,67.41,1424,1.9,3,31,IoT,Rust,PostgreSQL,AWS,3795,1689,24.31,2.53,15.86,8320.69,490.41,17417.95,28,18674763.22,Pre-semilla,2932502.82,11.47,https://conecta-crece.com/pitch/74,https://youtube.com/watch?v=pitch74,Idea
75,William Javier Benítez López,juanleon@example.net,321 106 88 96,Bogotá,Antioquia,SaaS,False,2160,26691.18,2023-02-07,Bajo,27,F,4,True,False,True,1,Crowdfunding,129946.91,507101.59,99225.28,191981.99,171124.28,34.78,1533,8.97,14,12,Web,Rust,PostgreSQL,Azure,4096,6770,26.6,7.45,52.98,3891.85,180.58,66051.99,36,12532472.98,Pre-semilla,4947547.9,24.55,https://conecta-crece.com/pitch/75,https://youtube.com/watch?v=pitch75,Producto
76,Isabel Aguirre,wilmar72@example.com,+576066401312,Barranquilla,Valle del Cauca,E-commerce,False,6413,482286.02,2023-08-08,Medio,39,M,1,False,True,True,2,Bootstrapped,242596.17,330179.07,71486.58,292410.47,93718.64,21.17,2030,20.05,-32,6,Móvil,Rust,Firebase,Azure,1433,2905,7.86,5.11,371.67,3651.95,275.36,71828.02,25,47383180.88,Semilla,2837389.01,9.71,https://conecta-crece.com/pitch/76,https://youtube.com/watch?v=pitch76,Escalando
77,Vicente Fabián Martínez,avalencia@example.net,+576059014554,Medellín,Atlántico,Fintech,True,970,544413.98,2024-12-15,Alto,36,Otro,8,True,False,True,2,Crowdfunding,60439.32,91342.68,143387.53,459471.61,337838.21,32.65,179,5.28,80,12,Web,Rust,MongoDB,AWS,3070,11563,28.32,6.24,59.51,3087.48,25.05,19962.87,30,39612942.0,Serie B,3263442.31,9.36,https://conecta-crece.com/pitch/77,https://youtube.com/watch?v=pitch77,Producto
78,Omaira Janneth Cerón,pablomarin@example.com,+573272271259,Cartagena,Antioquia,Agrotech,False,4875,227121.03,2024-02-01,Medio,30,M,24,True,False,True,1,Crowdfunding,95465.07,566164.85,122276.23,320183.74,42360.81,44.73,2712,22.61,-40,25,IA,JavaScript,MySQL,Azure,3668,206,8.69,4.12,43.22,2640.91,9.42,5121.71,27,21967185.05,Serie B,4847054.03,27.11,https://conecta-crece.com/pitch/78,https://youtube.com/watch?v=pitch78,Escalando
79,Estefanía Mariana Rodríguez,nsuarez@example.com,573041740073,Cali,Atlántico,Fintech,False,9520,882361.81,2023-02-12,Alto,36,M,15,True,True,False,0,VC,78338.31,73307.53,68361.64,444077.7,65033.07,15.25,762,10.8,57,33,Web,Go,PostgreSQL,DigitalOcean,1296,897,3.94,3.48,103.09,7002.25,347.12,74347.53,19,33063834.85,Serie A,1225864.01,6.24,https://conecta-crece.com/pitch/79,https://youtube.com/watch?v=pitch79,Escalando
80,Antonio Jhon Delgado,marinalberto@example.net,325 122 56 37,Cali,Cundinamarca,Agrotech,True,4875,157821.98,2025-09-06,Medio,52,M,4,True,True,True,5,VC,293117.31,331499.46,23101.78,392653.41,188801.03,72.64,2170,3.64,39,27,Móvil,Java,Firebase,Azure,1538,7323,2.29,6.88,139.07,8387.08,260.34,19357.41,9,4376794.86,Serie A,4050491.78,15.35,https://conecta-crece.com/pitch/80,https://youtube.com/watch?v=pitch80,MVP
81,María Díaz,figueroajacqueline@example.com,+57 317 629 26 18,Barranquilla,Atlántico,E-commerce,False,9433,555833.9,2023-12-17,Alto,37,F,10,True,False,True,4,Crowdfunding,270136.52,560315.24,135506.98,310516.28,48816.52,63.0,1416,28.52,-58,16,Móvil,JavaScript,MySQL,DigitalOcean,651,11212,13.63,14.96,317.34,8357.67,91.84,91526.43,7,4442669.3,Serie B,2782668.25,26.42,https://conecta-crece.com/pitch/81,https://youtube.com/watch?v=pitch81,Escalando
82,Yazmín Sandra Uribe Rojas,velascoisabel@example.com,+57 322 408 30 42,Bogotá,Atlántico,Fintech,False,2501,917576.1,2025-05-26,Alto,31,Otro,19,True,True,True,2,Crowdfunding,264040.74,614525.49,52827.33,327739.05,229151.68,43.11,1410,8.99,-64,28,Web,Go,MongoDB,Google Cloud,413,12238,14.78,4.39,192.5,3444.87,386.51,34540.18,34,42925915.68,Pre-semilla,4863858.38,10.7,https://conecta-crece.com/pitch/82,https://youtube.com/watch?v=pitch82,Producto
83,Carlos Giraldo Londoño,aureliogiraldo@example.net,603 674 43 60,Barranquilla,Valle del Cauca,Healthtech,False,9961,974348.33,2025-06-16,Alto,27,M,15,True,False,False,4,VC,246305.22,360688.79,31794.49,156250.42,203112.67,19.5,4294,26.5,-93,14,Móvil,JavaScript,MySQL,Google Cloud,280,7498,2.47,5.73,107.56,3746.68,205.32,42709.52,10,34090600.59,Semilla,1893710.47,19.85,https://conecta-crece.com/pitch/83,https://youtube.com/watch?v=pitch83,MVP
84,Julián Luis Sánchez,olga45@example.com,(+57)3107925967,Barranquilla,Valle del Cauca,Healthtech,True,4287,960717.78,2025-07-18,Alto,27,F,1,False,True,True,4,Angel,257133.36,453165.92,135539.05,135272.71,164275.27,11.4,72,14.75,-67,14,IoT,Python,PostgreSQL,Azure,4993,13210,28.35,10.83,357.59,2826.25,442.52,85900.69,32,12674735.59,Serie B,1545618.2,18.02,https://conecta-crece.com/pitch/84,https://youtube.com/watch?v=pitch84,Escalando
85,José Hurtado,julio33@example.net,(+57) 320 552 80 37,Bogotá,Valle del Cauca,E-commerce,False,4940,586564.72,2023-10-19,Alto,28,F,3,False,False,False,2,VC,196835.88,666531.46,130293.29,94991.68,207303.6,26.82,465,24.36,53,28,IA,JavaScript,MySQL,DigitalOcean,2431,4270,27.3,6.37,371.0,5871.93,497.11,82521.4,24,36354838.84,Semilla,3447274.65,20.96,https://conecta-crece.com/pitch/85,https://youtube.com/watch?v=pitch85,Escalando
86,Viviana Santos,toropatricia@example.net,57 320 211 91 23,Bucaramanga,Valle del Cauca,E-commerce,False,2835,906993.87,2025-01-14,Alto,33,F,4,False,True,False,5,Crowdfunding,228875.47,128147.85,135942.47,168480.6,36448.49,34.87,2515,13.19,-16,26,IA,Rust,MongoDB,DigitalOcean,974,7729,2.56,9.7,294.35,6244.48,209.72,23481.66,10,43388137.96,Serie B,2672700.6,15.33,https://conecta-crece.com/pitch/86,https://youtube.com/watch?v=pitch86,MVP
87,Nelly Martínez Castrillón,perezmaria@example.com,3108618168,Medellín,Valle del Cauca,Agrotech,False,2396,141678.43,2024-06-24,Medio,42,Otro,6,True,False,False,5,Angel,94024.22,40609.51,90410.65,105481.8,309598.07,50.34,1297,15.2,95,8,Móvil,Rust,Firebase,DigitalOcean,3314,7049,28.99,6.06,28.49,2074.2,155.21,6337.33,23,37866702.13,Semilla,138684.82,5.1,https://conecta-crece.com/pitch/87,https://youtube.com/watch?v=pitch87,MVP
88,Santiago Jorge Posada,milenavasquez@example.net,+57 326 940 31 68,Cali,Valle del Cauca,Edtech,True,6334,230134.38,2025-04-23,Medio,54,Otro,10,True,True,True,2,VC,136777.89,364201.89,104823.53,217398.95,274962.64,19.37,4015,11.42,-52,13,Blockchain,Python,PostgreSQL,Google Cloud,1084,3480,22.29,9.05,92.8,3729.26,307.8,8549.53,19,38585358.2,Pre-semilla,2989924.14,6.2,https://conecta-crece.com/pitch/88,https://youtube.com/watch?v=pitch88,Idea
89,Juan Gaviria Hernández,luisrodriguez@example.org,3094338716,Bogotá,Cundinamarca,SaaS,True,6878,655299.78,2025-06-09,Alto,50,F,4,False,False,True,1,Bootstrapped,90334.94,463165.2,132496.59,135718.6,242569.23,19.6,859,15.84,58,10,IA,Python,MySQL,DigitalOcean,1637,9997,6.79,4.31,266.34,2096.56,336.89,33058.36,5,27452124.31,Semilla,3456609.38,17.02,https://conecta-crece.com/pitch/89,https://youtube.com/watch?v=pitch89,MVP
90,Yair Suárez,jaimeseider@example.com,573169449962,Bucaramanga,Cundinamarca,Fintech,False,2493,7724.31,2024-03-31,Bajo,27,Otro,3,True,False,True,3,VC,79237.51,35056.14,162635.68,437196.08,341017.68,35.22,2561,13.35,-71,9,Web,Python,PostgreSQL,Google Cloud,2702,5877,26.94,14.35,141.47,7357.37,154.94,37558.66,10,20098797.96,Serie B,1395573.8,14.64,https://conecta-crece.com/pitch/90,https://youtube.com/watch?v=pitch90,Escalando
91,José Rodríguez,maricelamartinez@example.net,+573174176526,Bucaramanga,Antioquia,Fintech,True,1010,800899.6,2023-04-08,Alto,32,M,14,False,False,True,4,Gobierno,233749.29,427950.89,172515.15,440095.17,291129.63,72.42,3957,27.69,-72,29,Blockchain,Python,MySQL,Azure,2584,222,21.43,10.33,386.09,5808.83,260.76,97900.08,24,26003073.98,Pre-semilla,2192597.14,23.17,https://conecta-crece.com/pitch/91,https://youtube.com/watch?v=pitch91,Escalando
92,María Jessica Sanabria Osorio,cprada@example.net,573035652423,Bucaramanga,Atlántico,Edtech,True,240,349020.74,2025-06-27,Medio,32,Otro,16,False,True,True,3,VC,72267.55,679101.53,10070.14,112130.56,257612.27,38.23,1925,3.29,13,31,Web,Go,Firebase,Azure,982,8168,22.61,0.76,207.69,454.74,252.0,83461.33,22,44516533.85,Semilla,3290250.12,16.41,https://conecta-crece.com/pitch/92,https://youtube.com/watch?v=pitch92,Producto
93,Pilar Mosquera,lucychaparro@example.net,3072172997,Bogotá,Antioquia,IA,False,5489,366525.77,2025-05-31,Medio,52,Otro,22,False,False,True,0,Angel,659.08,248597.29,126732.24,400156.45,219438.08,36.17,870,2.33,-58,34,Móvil,Go,MySQL,Azure,1614,3092,4.5,12.86,115.64,8263.09,54.82,37103.69,29,2420368.06,Pre-semilla,3872118.61,16.26,https://conecta-crece.com/pitch/93,https://youtube.com/watch?v=pitch93,MVP
94,Jesús Jorge Durán,aliriovasquez@example.org,312 215 21 50,Bogotá,Cundinamarca,E-commerce,False,9636,964035.48,2023-11-05,Alto,52,Otro,25,True,True,True,0,Gobierno,197256.54,424312.54,64368.75,440813.89,167930.97,52.63,2033,8.93,-13,21,Blockchain,JavaScript,PostgreSQL,DigitalOcean,4945,11489,26.71,7.93,423.11,5523.28,122.65,74997.77,16,10124365.21,Serie A,3448725.92,28.03,https://conecta-crece.com/pitch/94,https://youtube.com/watch?v=pitch94,MVP
95,Wilson Castellanos Guzmán,dosorio@example.net,57 305 169 90 23,Bucaramanga,Antioquia,E-commerce,False,1940,981428.82,2024-04-22,Alto,44,Otro,16,False,False,False,0,Crowdfunding,31941.14,266609.22,10613.0,29245.78,107377.73,64.99,2347,20.82,-63,6,IA,JavaScript,MySQL,Azure,3717,1699,18.87,10.3,285.32,2320.64,305.92,41944.23,35,39236927.93,Serie A,3480033.57,6.17,https://conecta-crece.com/pitch/95,https://youtube.com/watch?v=pitch95,Escalando
96,Andrea Ramos Quintero,alberto64@example.net,57 319 439 64 62,Bucaramanga,Valle del Cauca,E-commerce,True,262,390616.88,2023-08-07,Medio,38,M,20,False,True,False,4,Crowdfunding,221535.01,137528.36,144982.9,97555.36,179966.92,78.84,610,6.42,-56,35,Web,Go,MySQL,DigitalOcean,2296,9139,8.66,2.83,424.55,155.89,206.48,94061.97,5,7769798.84,Serie A,3004557.64,24.34,https://conecta-crece.com/pitch/96,https://youtube.com/watch?v=pitch96,Producto
97,Katherine Murillo Mosquera,eduardoescobar@example.org,57 306 992 74 12,Cartagena,Valle del Cauca,Fintech,False,8658,493098.19,2025-02-22,Medio,36,M,17,True,True,False,4,Crowdfunding,121025.12,244582.07,176679.35,332003.9,132961.76,30.55,4345,14.77,43,3,Web,Java,Firebase,Google Cloud,2007,673,20.79,5.15,458.81,9455.38,162.23,56322.54,21,1332815.91,Serie A,2595829.86,17.72,https://conecta-crece.com/pitch/97,https://youtube.com/watch?v=pitch97,Escalando
98,Eduardo Montenegro,prietobetty@example.com,(+57)3165393903,Bucaramanga,Antioquia,Healthtech,True,1622,48632.4,2024-12-08,Bajo,32,Otro,18,True,True,True,5,Angel,259485.26,296946.62,20785.36,269339.35,281334.95,78.34,3565,19.75,-82,12,Web,Go,MongoDB,AWS,726,1220,2.57,12.02,283.46,5792.13,75.21,29571.56,27,22611170.62,Serie B,2193473.92,5.42,https://conecta-crece.com/pitch/98,https://youtube.com/watch?v=pitch98,Idea
99,Andrés Alfredo Bolívar Roa,xmartinez@example.org,7356366,Bucaramanga,Cundinamarca,IA,True,1239,537160.2,2023-09-30,Alto,44,Otro,4,False,False,True,2,Gobierno,114424.07,575485.66,6163.83,79005.41,88570.4,62.27,4470,9.55,62,12,IA,Java,MySQL,Google Cloud,1019,704,1.15,9.15,273.2,9475.1,117.58,76088.18,25,10665673.45,Semilla,846724.07,10.52,https://conecta-crece.com/pitch/99,https://youtube.com/watch?v=pitch99,Producto
100,Luis Eduardo Ávila,dguerrero@example.net,6017963725,Medellín,Cundinamarca,IA,False,9055,198354.58,2024-05-17,Medio,26,F,22,True,False,True,1,Crowdfunding,146157.12,231595.65,25643.03,328081.02,40737.99,53.37,1585,10.22,15,24,IoT,Java,PostgreSQL,Azure,2601,7037,5.89,5.04,394.97,7150.77,302.46,31284.58,26,6801861.04,Serie A,4395534.86,16.57,https://conecta-crece.com/pitch/100,https://youtube.com/watch?v=pitch100,Producto
101,Miguel Tamayo Ochoa,jesusperea@example.net,(+57) 302 865 14 74,Barranquilla,Cundinamarca,Edtech,True,4647,775893.13,2025-02-27,Alto,30,Otro,7,False,True,True,0,Crowdfunding,189487.95,568849.68,115780.16,384830.93,85734.07,12.57,2134,16.76,38,33,Móvil,Java,Firebase,Google Cloud,4840,12033,25.86,2.44,255.55,996.48,150.13,6006.21,18,42414293.82,Semilla,3798170.05,8.51,https://conecta-crece.com/pitch/101,https://youtube.com/watch?v=pitch101,MVP
102,Fernando Luna Galvis,javiermendoza@example.net,(+57)3123545025,Cartagena,Antioquia,SaaS,False,5928,183249.46,2023-08-03,Medio,24,M,25,False,True,True,2,VC,70205.6,468009.92,103577.05,395938.77,155726.77,74.25,380,2.16,66,23,Web,Rust,MongoDB,Azure,4750,8938,17.53,5.96,195.47,5918.02,444.02,12394.56,19,18878806.17,Semilla,2606040.32,13.82,https://conecta-crece.com/pitch/102,https://youtube.com/watch?v=pitch102,Producto
103,Isabel Blanca Torres Agudelo,yrestrepo@example.com,(+57) 311 299 38 37,Barranquilla,Cundinamarca,E-commerce,True,7257,489427.25,2023-12-15,Medio,32,M,3,False,True,True,1,Angel,108666.88,502111.9,23666.04,115942.82,324620.11,60.42,3944,20.58,22,16,IoT,JavaScript,Firebase,AWS,2006,726,4.71,9.09,76.01,5175.16,439.94,18952.18,13,12987156.34,Semilla,2607371.43,15.14,https://conecta-crece.com/pitch/103,https://youtube.com/watch?v=pitch103,Idea
104,Hernando Luis Hurtado Molano,martinezluis@example.com,(+57) 306 401 87 38,Bucaramanga,Valle del Cauca,Fintech,True,7409,879116.44,2025-08-15,Alto,52,F,6,True,False,True,4,Angel,186963.52,357563.44,33544.34,343109.99,369002.9,51.76,563,7.66,-2,11,Web,Python,PostgreSQL,DigitalOcean,1235,9940,3.79,7.4,311.23,486.46,381.13,52816.27,10,4750179.29,Semilla,4514824.54,18.48,https://conecta-crece.com/pitch/104,https://youtube.com/watch?v=pitch104,Idea
105,Manuel Alvarado,moisesescobar@example.org,319 809 53 73,Bucaramanga,Atlántico,E-commerce,False,6118,897484.11,2024-08-26,Alto,24,Otro,17,False,True,False,3,VC,176714.43,518975.83,152307.85,348657.09,39808.59,19.37,3908,23.21,-79,21,IoT,Rust,Firebase,Azure,1558,109,21.57,11.95,293.21,1266.5,-46.04,67181.88,23,20501369.35,Pre-semilla,816153.97,21.29,https://conecta-crece.com/pitch/105,https://youtube.com/watch?v=pitch105,Producto
106,Carlos Eduardo Montoya Torres,wilmanpinto@example.org,576017218842,Cartagena,Atlántico,E-commerce,False,4564,264996.38,2024-11-06,Medio,47,M,14,False,True,False,4,Crowdfunding,145128.05,691955.78,115530.23,387323.05,159733.4,19.66,975,22.69,14,13,Web,JavaScript,Firebase,Azure,4520,10080,21.21,10.75,88.76,9649.25,-47.09,13653.42,12,23636266.14,Serie B,486296.41,11.58,https://conecta-crece.com/pitch/106,https://youtube.com/watch?v=pitch106,Producto
107,Graciela Herrera Arboleda,bermudezlizeth@example.org,314 817 28 84,Bogotá,Atlántico,Agrotech,False,9838,84639.54,2024-08-23,Bajo,25,M,21,False,False,True,1,Crowdfunding,85801.95,23526.55,119902.98,258391.0,93283.05,21.86,295,11.43,67,3,Móvil,Python,MongoDB,DigitalOcean,2902,10991,12.46,9.0,263.69,7395.56,-12.26,13565.76,21,36334321.61,Serie A,1770001.69,25.39,https://conecta-crece.com/pitch/107,https://youtube.com/watch?v=pitch107,MVP
108,Rubén Vargas,julio26@example.net,018006441622,Medellín,Atlántico,Agrotech,True,4327,608331.59,2023-05-05,Alto,33,F,17,True,True,False,2,Bootstrapped,240882.67,669696.54,175222.61,406760.53,230297.64,58.59,3089,17.33,97,18,IA,Go,Firebase,AWS,3958,1924,8.48,6.05,396.44,2281.78,335.65,81015.33,29,47776739.79,Pre-semilla,3519051.83,11.58,https://conecta-crece.com/pitch/108,https://youtube.com/watch?v=pitch108,Producto
109,Luis Elvis Gómez,hernandezfernando@example.net,57 316 182 33 62,Bucaramanga,Valle del Cauca,Fintech,True,7857,97544.38,2025-05-17,Bajo,42,F,7,False,True,True,3,Angel,70458.41,169439.56,53081.07,115374.56,334108.24,68.54,2916,5.52,-73,10,Web,Go,MySQL,AWS,3960,6101,19.0,7.64,492.83,8980.3,427.82,51626.51,35,14085304.5,Semilla,3763338.46,8.21,https://conecta-crece.com/pitch/109,https://youtube.com/watch?v=pitch109,Escalando
110,Diego Jhon Córdoba,jalvarado@example.net,(+57)6051235905,Cartagena,Cundinamarca,E-commerce,False,6500,480928.48,2023-09-30,Medio,33,F,4,False,False,True,0,Angel,113828.4,70523.48,72320.47,431059.17,75511.25,28.4,2206,14.67,56,24,IA,JavaScript,Firebase,DigitalOcean,1734,6886,21.32,5.9,428.62,2868.33,48.94,17458.22,17,40728114.14,Serie A,4030233.53,18.88,https://conecta-crece.com/pitch/110,https://youtube.com/watch?v=pitch110,Escalando
111,Nancy Jiménez,elianacastro@example.org,573147839965,Bucaramanga,Antioquia,Agrotech,True,2943,200082.9,2023-11-19,Medio,48,F,5,False,False,False,2,Crowdfunding,257550.59,33396.51,19794.96,82507.6,86814.56,27.8,788,14.05,-15,19,IA,Java,MongoDB,Azure,172,6766,4.52,13.08,481.93,2069.69,266.74,66667.44,14,48970719.34,Serie A,1807789.74,21.83,https://conecta-crece.com/pitch/111,https://youtube.com/watch?v=pitch111,Escalando
112,Rolando Sepúlveda,sordonez@example.com,324 505 04 60,Barranquilla,Cundinamarca,Agrotech,False,7648,775870.65,2023-10-25,Alto,31,M,21,False,False,False,0,Bootstrapped,48599.85,159752.56,63375.65,146386.82,107574.98,55.13,2222,26.74,99,26,IoT,Rust,Firebase,DigitalOcean,1380,3032,25.77,2.31,124.97,2591.31,359.13,76225.28,16,8428832.21,Pre-semilla,522990.91,28.42,https://conecta-crece.com/pitch/112,https://youtube.com/watch?v=pitch112,Escalando
113,Alberto Bernal Zambrano,olga23@example.org,57 300 375 98 62,Bogotá,Atlántico,E-commerce,True,1752,550691.58,2023-12-31,Alto,38,Otro,5,True,False,False,1,Angel,221277.97,310212.3,25282.34,263844.43,68906.71,12.46,2923,25.95,-17,33,Blockchain,Rust,MongoDB,DigitalOcean,1116,11449,16.64,9.07,233.71,7514.22,432.51,46322.85,22,45455265.27,Serie B,2721357.2,25.12,https://conecta-crece.com/pitch/113,https://youtube.com/watch?v=pitch113,Escalando
114,Guillermo Juan Pinzón Ochoa,qlondono@example.net,+573224972892,Barranquilla,Valle del Cauca,Edtech,False,222,311328.84,2023-10-25,Medio,22,Otro,25,True,False,False,3,Crowdfunding,2495.13,645461.88,189391.5,239056.47,4445.73,40.13,2399,18.31,-99,26,Móvil,Go,Firebase,DigitalOcean,2057,2695,21.73,9.87,415.93,2283.87,-6.43,64405.69,36,38250460.87,Serie A,1459150.43,23.57,https://conecta-crece.com/pitch/114,https://youtube.com/watch?v=pitch114,Producto
115,Mariana Muñoz Chávez,isabeltorres@example.com,(+57)3019320056,Bogotá,Antioquia,Edtech,False,1858,415839.36,2024-03-19,Medio,51,Otro,15,False,False,True,2,Bootstrapped,45644.79,678801.35,4426.18,486193.97,113420.12,18.75,3591,22.09,-41,8,Móvil,Python,Firebase,Google Cloud,2810,6905,10.04,12.09,499.0,4690.48,385.28,36373.62,12,2896313.39,Serie B,403354.24,16.75,https://conecta-crece.com/pitch/115,https://youtube.com/watch?v=pitch115,MVP
116,Andrés Marín Ruiz,martinezmagda@example.org,604 483 02 77,Cali,Atlántico,IA,True,2048,896220.48,2024-07-02,Alto,37,F,25,False,True,True,1,Gobierno,220596.83,65772.21,133201.58,105015.12,156137.89,77.28,2646,5.6,86,5,IoT,Rust,MySQL,Azure,3952,10481,9.67,5.73,35.52,6700.28,485.3,27416.75,30,16293223.03,Semilla,3982232.47,19.62,https://conecta-crece.com/pitch/116,https://youtube.com/watch?v=pitch116,Escalando
117,Hernán Vega Soto,saraluna@example.com,57 328 163 86 52,Bogotá,Cundinamarca,E-commerce,False,9818,790198.06,2024-11-15,Alto,31,F,25,True,True,True,3,Bootstrapped,205783.39,236895.47,193930.34,380020.52,24772.89,34.89,1260,21.34,-73,11,Blockchain,JavaScript,MongoDB,Azure,3603,12032,6.6,10.49,185.5,1433.85,444.26,51103.7,31,27995337.05,Serie B,989390.39,9.67,https://conecta-crece.com/pitch/117,https://youtube.com/watch?v=pitch117,Producto
118,Inés Pérez,bermudezdidier@example.com,322 090 17 16,Barranquilla,Valle del Cauca,IA,True,1178,327062.47,2022-12-09,Medio,55,M,15,False,False,False,3,Bootstrapped,232775.37,354170.41,146731.55,441583.25,248198.05,35.49,1956,10.3,-84,27,Móvil,Rust,Firebase,Google Cloud,2329,5305,12.88,5.17,57.17,6623.02,-25.92,94090.96,14,43687289.6,Semilla,579923.08,9.79,https://conecta-crece.com/pitch/118,https://youtube.com/watch?v=pitch118,Idea
119,Martín Andrés Barrios Trujillo,perezsamuel@example.org,+57 302 994 66 38,Barranquilla,Atlántico,E-commerce,False,854,573157.12,2025-06-03,Alto,45,M,20,True,True,True,5,Gobierno,278521.12,582454.39,93611.83,319819.44,144881.68,62.04,3407,24.84,81,6,IoT,Java,MySQL,AWS,2499,1296,28.39,14.43,57.59,7279.2,242.41,22998.74,36,32878138.03,Semilla,2814196.23,18.95,https://conecta-crece.com/pitch/119,https://youtube.com/watch?v=pitch119,Idea
120,Sandra Carol Rodríguez Salgado,leonardovanegas@example.com,3018187122,Cartagena,Valle del Cauca,SaaS,False,7047,767452.0,2023-10-12,Alto,28,M,6,False,False,True,4,Crowdfunding,132903.65,246626.85,63031.0,495740.03,130401.92,36.02,3527,24.96,-18,18,IoT,Rust,PostgreSQL,DigitalOcean,4517,12219,8.37,14.44,229.27,4031.2,349.47,98380.86,4,25928707.01,Serie A,82515.7,29.61,https://conecta-crece.com/pitch/120,https://youtube.com/watch?v=pitch120,MVP
121,Eduardo Meneses,quinteroandrea@example.net,+57 318 124 34 97,Bogotá,Valle del Cauca,E-commerce,True,1594,856441.82,2025-02-20,Alto,24,F,12,True,True,False,2,Crowdfunding,74957.07,179370.69,60060.49,285673.09,227970.72,25.22,632,21.98,23,14,Blockchain,Rust,MySQL,Azure,316,11993,24.44,6.03,392.26,9226.53,133.91,88580.29,30,20884433.46,Pre-semilla,4355443.24,10.67,https://conecta-crece.com/pitch/121,https://youtube.com/watch?v=pitch121,Idea
122,Óscar Ortega,eduarromero@example.com,(+57)3082180511,Bucaramanga,Atlántico,Fintech,False,8641,635717.67,2023-12-07,Alto,24,F,18,True,False,True,1,Bootstrapped,202090.57,698157.11,194208.05,376667.26,230441.74,16.31,3538,9.4,0,12,Móvil,Java,MySQL,DigitalOcean,4691,12231,2.43,6.29,51.69,5068.05,375.6,17385.64,11,24098032.85,Semilla,2464912.44,21.31,https://conecta-crece.com/pitch/122,https://youtube.com/watch?v=pitch122,MVP
123,Javier Soto Castaño,edwinparra@example.org,018003313265,Bucaramanga,Antioquia,Edtech,True,4412,563361.77,2023-06-05,Alto,49,F,22,True,True,False,3,VC,104492.36,224516.85,118775.43,13079.21,122483.68,79.14,3622,19.07,12,5,Móvil,JavaScript,MongoDB,Google Cloud,712,1861,22.45,4.02,314.29,1562.0,407.84,32330.08,24,34720381.73,Pre-semilla,1560334.35,16.78,https://conecta-crece.com/pitch/123,https://youtube.com/watch?v=pitch123,Producto
124,Enrique Jesús Gómez,gloria95@example.com,460 70 89,Cartagena,Antioquia,Edtech,False,9041,212964.49,2023-07-04,Medio,52,Otro,24,True,True,False,4,Crowdfunding,13044.6,119223.75,56802.71,394805.06,247491.54,13.72,68,2.93,69,20,IA,Python,MySQL,Azure,3176,3807,29.41,7.87,357.75,9048.33,216.56,61725.11,8,9402227.63,Serie B,2825403.33,22.81,https://conecta-crece.com/pitch/124,https://youtube.com/watch?v=pitch124,Idea
125,Carlos Jesús Corredor Pinzón,parrakaren@example.org,320 964 87 42,Cartagena,Valle del Cauca,Healthtech,False,6495,251155.18,2024-07-14,Medio,32,M,12,False,False,False,1,Crowdfunding,82763.48,43406.79,51535.87,194198.12,399980.76,79.33,4546,28.52,-43,12,IA,Go,PostgreSQL,AWS,3141,8551,28.86,9.38,316.51,2351.54,82.2,19511.17,22,45495796.14,Serie A,2273387.47,8.29,https://conecta-crece.com/pitch/125,https://youtube.com/watch?v=pitch125,MVP
126,Mónica González,xcamargo@example.org,3008283091,Bucaramanga,Antioquia,IA,True,5112,583125.55,2025-02-17,Alto,55,M,14,True,True,False,0,Crowdfunding,159888.46,503608.35,36827.04,419921.73,58892.71,12.06,2610,26.52,5,29,IA,Go,MongoDB,Google Cloud,1549,1769,4.81,0.88,493.12,6207.77,283.08,63174.39,17,11622527.64,Pre-semilla,1828343.61,22.2,https://conecta-crece.com/pitch/126,https://youtube.com/watch?v=pitch126,Escalando
127,Leidy Edith Valencia,rosa41@example.net,+57 605 499 48 99,Cartagena,Atlántico,SaaS,False,3064,138416.19,2025-01-04,Medio,46,F,16,True,True,True,1,Bootstrapped,122576.75,678170.56,185087.02,475148.82,89643.64,56.99,1661,22.98,-84,14,Blockchain,Rust,Firebase,Azure,3758,14562,8.16,6.37,30.49,7379.78,159.21,34725.26,36,32105551.84,Pre-semilla,2627213.0,16.29,https://conecta-crece.com/pitch/127,https://youtube.com/watch?v=pitch127,Idea
128,Linda Sánchez Zuluaga,rmoreno@example.com,(+57) 315 988 75 20,Medellín,Atlántico,SaaS,True,9187,878391.04,2022-12-25,Alto,46,Otro,25,True,True,False,3,Gobierno,265319.27,541573.91,57182.92,84076.81,118332.35,74.33,4235,27.21,18,31,Web,Rust,MySQL,Google Cloud,4805,14672,21.19,2.46,212.64,4563.77,48.38,61079.97,15,44139167.52,Pre-semilla,1287907.36,22.29,https://conecta-crece.com/pitch/128,https://youtube.com/watch?v=pitch128,MVP
129,Javier Samir Gil Ramírez,ariascarlos@example.org,318 060 12 18,Bogotá,Cundinamarca,Fintech,False,5996,719782.85,2024-05-13,Alto,27,Otro,23,False,True,False,4,Gobierno,13171.83,119619.49,67038.63,435781.4,345178.85,21.35,1184,6.19,82,6,Blockchain,Java,MongoDB,DigitalOcean,2375,10283,6.24,13.53,480.61,134.98,370.97,6159.74,34,42785011.72,Pre-semilla,3059520.46,17.34,https://conecta-crece.com/pitch/129,https://youtube.com/watch?v=pitch129,MVP
130,Jaime Marín Marín,gomezcarolina@example.org,+57 302 810 89 65,Barranquilla,Atlántico,Agrotech,False,1350,590918.02,2025-06-24,Alto,22,M,18,False,True,True,1,Angel,16519.18,244313.88,29074.88,17183.61,231574.61,52.23,2712,27.69,-88,9,Blockchain,JavaScript,PostgreSQL,Azure,4883,9396,23.83,3.07,233.12,5831.77,462.31,13847.0,22,16208810.36,Serie B,4110310.47,23.96,https://conecta-crece.com/pitch/130,https://youtube.com/watch?v=pitch130,Idea
131,Elizabeth Eugenia Rodríguez Figueroa,epacheco@example.net,573142900585,Medellín,Cundinamarca,SaaS,False,5443,296368.55,2023-10-24,Medio,55,F,17,True,True,True,0,Crowdfunding,218918.56,440285.02,197437.85,242347.83,275710.79,75.37,2352,13.38,-19,19,IoT,Rust,MongoDB,Google Cloud,4619,8152,16.07,9.66,251.33,1881.08,285.17,72315.77,15,178887.77,Pre-semilla,2351183.89,24.92,https://conecta-crece.com/pitch/131,https://youtube.com/watch?v=pitch131,MVP
132,Katherine María Bohórquez,amayaclaudia@example.org,+573119933929,Barranquilla,Atlántico,Fintech,False,5778,800566.53,2024-09-11,Alto,35,M,21,True,False,False,0,VC,90085.2,384995.52,153406.52,57804.54,133846.53,37.72,4660,18.86,-93,14,Móvil,Java,MongoDB,DigitalOcean,3897,13082,2.03,2.47,86.14,4660.12,425.87,90113.22,32,39221052.76,Serie B,4642560.38,6.4,https://conecta-crece.com/pitch/132,https://youtube.com/watch?v=pitch132,Producto
133,Mauricio Bernal,milenasoto@example.org,(+57) 326 400 41 61,Bucaramanga,Valle del Cauca,E-commerce,True,3462,567117.93,2023-04-14,Alto,43,F,3,True,False,True,2,Gobierno,187953.25,589684.04,114196.33,195393.57,238400.59,70.52,2525,21.45,-20,5,IA,Go,MySQL,DigitalOcean,1956,6108,14.11,14.29,115.91,3092.95,11.73,79569.68,15,45676356.92,Serie B,2554673.73,24.98,https://conecta-crece.com/pitch/133,https://youtube.com/watch?v=pitch133,MVP
134,Sandra Díaz,fredygomez@example.org,(+57) 309 297 26 81,Barranquilla,Valle del Cauca,IA,False,2397,194260.62,2023-05-02,Medio,28,Otro,22,True,True,True,3,Gobierno,214103.22,365641.41,821.97,466236.33,275071.29,51.6,713,10.67,-89,9,IoT,Java,MySQL,Azure,1729,5277,6.82,4.66,270.82,7750.59,319.12,30902.15,13,13754480.6,Pre-semilla,4793575.37,18.99,https://conecta-crece.com/pitch/134,https://youtube.com/watch?v=pitch134,Idea
135,Carolina María Acevedo,irodriguez@example.com,(+57)3225562003,Cali,Valle del Cauca,Healthtech,True,4691,210544.49,2025-10-15,Medio,37,M,3,False,False,False,0,Angel,8697.81,632304.69,10091.2,192416.22,35178.94,37.43,4883,26.85,61,31,IoT,Java,MongoDB,Azure,1633,11700,22.99,12.23,48.49,9235.56,370.44,58939.98,8,40661265.78,Serie B,531451.83,12.76,https://conecta-crece.com/pitch/135,https://youtube.com/watch?v=pitch135,Escalando
136,Andrés Polo Guerrero,carmenramirez@example.org,+57 309 858 70 27,Medellín,Antioquia,IA,False,6004,473193.15,2025-09-27,Medio,47,M,23,False,False,False,3,Bootstrapped,19609.56,79020.94,95730.42,423037.36,113477.14,34.4,4707,4.69,-74,28,Web,Java,MySQL,Azure,4374,7572,12.62,6.49,314.23,5524.7,485.64,41462.56,24,10491083.48,Serie B,3932354.18,15.88,https://conecta-crece.com/pitch/136,https://youtube.com/watch?v=pitch136,Producto
137,Carlos Vanegas Moreno,sgarcia@example.net,3156343152,Medellín,Antioquia,SaaS,True,9457,546804.25,2025-09-15,Alto,53,M,19,False,False,True,3,Angel,92410.72,284055.59,119651.84,343068.83,238885.04,67.39,2682,15.33,69,6,Web,JavaScript,PostgreSQL,AWS,1211,10847,5.33,8.2,201.09,5821.52,57.62,69744.09,23,15056793.18,Serie A,4596583.03,28.42,https://conecta-crece.com/pitch/137,https://youtube.com/watch?v=pitch137,Producto
138,Gloria Osorio Fuentes,sreyes@example.org,+573014348831,Cartagena,Cundinamarca,E-commerce,False,2139,990337.81,2024-09-05,Alto,40,M,12,True,True,False,0,VC,259703.89,164668.82,140444.38,197739.89,127796.42,36.8,3125,13.62,-46,14,Blockchain,JavaScript,PostgreSQL,DigitalOcean,2961,13781,13.1,4.68,437.64,1342.94,-43.62,66596.98,12,36094827.69,Serie B,3306737.15,29.37,https://conecta-crece.com/pitch/138,https://youtube.com/watch?v=pitch138,MVP
139,Nelly Tamayo,gomezcarlos@example.com,+57 605 510 77 97,Bucaramanga,Atlántico,IA,False,9952,89240.13,2023-05-28,Bajo,49,Otro,6,False,False,False,3,VC,67722.28,297340.3,1486.0,249580.32,292580.62,59.85,2205,12.91,39,26,Web,Python,Firebase,Azure,937,9527,14.96,10.51,79.62,7339.8,490.97,98448.5,20,23300322.73,Pre-semilla,2640616.13,20.25,https://conecta-crece.com/pitch/139,https://youtube.com/watch?v=pitch139,MVP
140,Wilson Andrade Arias,mezakaren@example.com,573235912140,Bucaramanga,Cundinamarca,SaaS,False,914,475089.31,2024-07-04,Medio,43,Otro,25,True,False,False,4,Gobierno,172189.59,232059.79,70582.91,488902.5,118411.48,21.73,4895,22.73,86,19,Web,Go,PostgreSQL,AWS,2400,13272,22.38,0.9,247.53,1355.53,-7.73,79457.47,19,6713684.26,Serie A,1412324.72,11.42,https://conecta-crece.com/pitch/140,https://youtube.com/watch?v=pitch140,Idea
141,Esperanza Torres,daryvasquez@example.com,306 631 32 02,Cartagena,Antioquia,SaaS,False,6108,605802.43,2023-12-08,Alto,33,F,23,True,False,True,4,Bootstrapped,102854.4,59081.03,29014.05,467036.99,62336.8,44.72,3382,23.34,-40,31,Móvil,JavaScript,MongoDB,AWS,2175,12397,24.77,1.26,237.37,4814.7,211.95,95083.92,17,19052059.63,Serie B,2399218.42,8.63,https://conecta-crece.com/pitch/141,https://youtube.com/watch?v=pitch141,Escalando
142,Andrés Daza,claudia35@example.org,57 311 737 30 80,Barranquilla,Atlántico,SaaS,False,8737,16803.72,2025-03-12,Bajo,24,M,18,False,False,False,2,VC,80126.34,68793.75,130868.66,196185.73,309441.89,62.44,4822,23.34,33,24,Móvil,Java,MySQL,AWS,566,215,12.93,8.12,345.89,3580.01,348.89,28930.13,5,1282653.6,Pre-semilla,331565.46,19.85,https://conecta-crece.com/pitch/142,https://youtube.com/watch?v=pitch142,MVP
143,Luz Álvarez Ariza,suarezalberto@example.net,573038398784,Bucaramanga,Cundinamarca,SaaS,True,1465,950736.51,2023-01-31,Alto,30,F,22,True,True,True,2,VC,140086.67,655327.44,127756.1,461425.0,111132.32,39.89,2649,8.46,99,7,IA,Python,Firebase,DigitalOcean,2735,1004,8.49,12.29,97.19,787.04,488.68,24063.57,28,9004264.29,Serie B,586730.82,18.52,https://conecta-crece.com/pitch/143,https://youtube.com/watch?v=pitch143,Escalando
144,Luz Milena Pabón Mejía,diana83@example.net,(+57)3179083254,Bucaramanga,Cundinamarca,Agrotech,False,1742,222294.57,2025-09-05,Medio,24,M,3,False,False,True,3,Angel,195859.6,607.35,7567.13,195851.43,61321.7,33.09,3205,17.66,31,34,Blockchain,Go,Firebase,AWS,4434,3720,1.1,14.34,410.81,4872.46,261.98,93829.01,25,16738641.67,Serie A,2033043.25,20.81,https://conecta-crece.com/pitch/144,https://youtube.com/watch?v=pitch144,Idea
145,Tatiana Rodríguez Luna,giraldovictor@example.com,6036757554,Cali,Cundinamarca,IA,False,4800,368528.58,2023-11-15,Medio,34,M,18,True,False,True,2,Gobierno,268938.21,441431.94,71852.22,43346.38,253410.27,61.47,1146,2.04,-94,18,Blockchain,Go,MySQL,Azure,4103,8768,28.98,12.27,483.62,262.54,136.61,37083.27,5,20334842.01,Semilla,4045163.34,21.68,https://conecta-crece.com/pitch/145,https://youtube.com/watch?v=pitch145,Escalando
146,Teresa Torres,dazaangie@example.com,+57 320 952 75 52,Cartagena,Antioquia,SaaS,True,1230,940389.34,2024-12-22,Alto,24,Otro,5,False,True,False,4,Bootstrapped,72804.77,454150.49,2873.04,316698.07,361941.21,67.45,797,14.23,-57,7,Web,Python,Firebase,Google Cloud,526,13200,6.88,5.39,419.59,7405.49,171.1,16476.23,11,16147335.31,Semilla,3832928.02,19.83,https://conecta-crece.com/pitch/146,https://youtube.com/watch?v=pitch146,Producto
147,David Juan Arroyo,juan85@example.net,3043875755,Cali,Antioquia,IA,False,2803,67905.78,2025-07-22,Bajo,45,Otro,6,False,True,True,1,Bootstrapped,237315.69,442536.23,75226.21,79719.08,351947.07,15.65,59,6.2,-78,21,Blockchain,Go,PostgreSQL,Google Cloud,1182,10502,8.86,7.03,127.23,1828.03,330.42,61645.84,34,30641285.9,Pre-semilla,3154598.69,24.56,https://conecta-crece.com/pitch/147,https://youtube.com/watch?v=pitch147,Producto
148,Helena García Rojas,ferneycruz@example.net,018004279140,Cartagena,Antioquia,Edtech,True,8736,421691.94,2023-02-18,Medio,28,Otro,12,True,False,True,2,Bootstrapped,58115.7,557629.08,137048.75,484318.35,190185.61,22.34,353,2.57,-7,21,Móvil,Go,MongoDB,Azure,3722,729,4.03,1.26,273.31,1664.65,-34.01,53915.85,7,44764450.83,Serie B,2983897.98,13.15,https://conecta-crece.com/pitch/148,https://youtube.com/watch?v=pitch148,MVP
149,Norberto Sandoval,angiepadilla@example.net,(+57) 314 147 00 69,Cali,Antioquia,IA,True,5393,748351.32,2025-02-05,Alto,36,M,8,False,True,False,1,Bootstrapped,141297.08,339085.4,178097.77,73325.69,371212.54,41.85,3173,11.83,17,15,IA,Java,PostgreSQL,Azure,1052,545,21.07,1.36,76.89,8531.35,202.22,21264.13,24,11070692.86,Serie A,3037998.12,24.74,https://conecta-crece.com/pitch/149,https://youtube.com/watch?v=pitch149,MVP
150,Elizabeth León,gonzalezalexandra@example.org,304 611 70 57,Cartagena,Antioquia,Fintech,False,8598,580230.84,2025-10-12,Alto,53,M,19,False,False,False,0,Gobierno,220853.66,172657.92,65459.19,290154.05,356815.59,51.42,1220,27.5,-99,29,Web,Python,Firebase,AWS,3497,8721,12.44,12.24,351.36,1070.19,222.41,12893.69,3,34688675.97,Serie B,4752172.78,8.32,https://conecta-crece.com/pitch/150,https://youtube.com/watch?v=pitch150,Producto
151,Alberto Fernando Mendoza Zapata,henaojose@example.com,(+57) 308 263 85 83,Bogotá,Cundinamarca,Agrotech,False,2700,242867.08,2024-07-14,Medio,51,Otro,24,True,False,False,1,Gobierno,55483.72,610086.26,125362.19,352247.13,1344.37,53.91,3152,26.91,-15,36,Web,Java,Firebase,Azure,4453,9444,24.04,11.92,49.67,8820.39,354.67,10207.11,26,44410097.51,Pre-semilla,1945627.23,16.63,https://conecta-crece.com/pitch/151,https://youtube.com/watch?v=pitch151,Idea
152,Aníbal Arturo Bautista Figueroa,edwin28@example.net,(+57)6099598106,Medellín,Cundinamarca,E-commerce,True,2317,368743.29,2025-05-15,Medio,43,M,18,True,False,True,5,Angel,96139.14,628553.13,100713.19,212041.63,22540.43,36.1,3706,15.1,34,10,Blockchain,Rust,MongoDB,DigitalOcean,3025,13125,20.53,10.55,489.26,8842.99,53.59,88978.0,8,4100503.13,Semilla,1477444.8,28.92,https://conecta-crece.com/pitch/152,https://youtube.com/watch?v=pitch152,Idea
153,Carolina Rosa Pérez Pulido,liliana82@example.com,573213970722,Bogotá,Antioquia,Agrotech,True,3396,168942.39,2025-07-09,Medio,55,Otro,1,False,False,True,3,VC,126038.99,516396.47,4296.46,95341.27,9597.02,66.14,4256,19.7,5,24,IA,Go,Firebase,DigitalOcean,2501,9313,4.83,11.95,94.15,2674.07,216.33,97218.78,6,7502082.94,Serie A,2306836.36,9.16,https://conecta-crece.com/pitch/153,https://youtube.com/watch?v=pitch153,MVP
154,Diana María Salazar,lopezgloria@example.org,3280396822,Cali,Antioquia,Edtech,True,2691,713253.11,2022-12-23,Alto,37,M,2,False,True,False,2,VC,55348.97,393741.07,6937.82,159154.94,138063.73,36.1,4422,29.29,36,22,Web,Python,Firebase,DigitalOcean,1200,7524,27.91,2.76,485.37,5506.84,229.07,66488.18,21,23748142.62,Serie A,4849547.51,23.85,https://conecta-crece.com/pitch/154,https://youtube.com/watch?v=pitch154,MVP
155,Alejandro Tovar,cvergara@example.org,573012774409,Bucaramanga,Atlántico,Healthtech,True,7897,800578.29,2023-12-18,Alto,24,M,22,True,False,True,3,Crowdfunding,252263.07,312180.88,18496.23,28461.78,256812.01,50.84,1819,23.66,96,20,Móvil,Python,MySQL,DigitalOcean,725,8405,12.44,7.61,305.55,5164.4,-19.17,68342.81,28,7482502.33,Serie B,1879668.34,14.32,https://conecta-crece.com/pitch/155,https://youtube.com/watch?v=pitch155,Producto
156,Antonio Rodríguez,pintoliliana@example.net,+573254675131,Cali,Atlántico,IA,True,3583,348195.61,2023-01-26,Medio,50,Otro,14,False,False,True,5,Gobierno,218581.65,289935.65,167102.31,299369.92,58140.8,31.23,4303,29.61,-84,27,Web,Python,Firebase,Azure,3405,2885,17.12,10.8,380.07,1455.58,52.3,41268.11,34,2207422.43,Serie A,4181196.75,12.6,https://conecta-crece.com/pitch/156,https://youtube.com/watch?v=pitch156,Escalando
157,Pablo Arias López,vhurtado@example.org,+573283340689,Bogotá,Antioquia,Healthtech,False,7792,228397.62,2024-11-13,Medio,29,Otro,22,False,False,True,3,Angel,8532.78,535302.85,98610.05,485342.04,239877.42,35.32,3936,17.4,-34,33,Web,Java,MySQL,Azure,1344,9549,2.7,5.14,440.38,1441.42,39.82,30903.68,29,31848732.04,Serie A,291138.76,12.29,https://conecta-crece.com/pitch/157,https://youtube.com/watch?v=pitch157,Idea
158,Andrés Pedro Trujillo Guerrero,psanabria@example.com,018004142230,Bucaramanga,Antioquia,IA,True,9860,516297.16,2023-12-21,Alto,32,Otro,11,False,False,False,5,VC,28750.02,406032.65,164662.96,7435.93,207653.76,36.11,3972,12.95,-59,9,Móvil,JavaScript,PostgreSQL,Google Cloud,4586,10070,21.0,14.31,424.57,7154.22,336.25,81245.13,29,23078518.79,Pre-semilla,626999.97,8.28,https://conecta-crece.com/pitch/158,https://youtube.com/watch?v=pitch158,Idea
159,Sebastián Arango,ligiabenavides@example.com,01 8003 085 078,Cali,Valle del Cauca,Edtech,False,9841,482120.64,2023-03-31,Medio,55,F,6,False,True,True,1,Angel,257044.56,99651.54,45314.89,63546.75,52783.13,15.5,915,3.25,98,33,Blockchain,Python,PostgreSQL,AWS,278,13013,20.13,9.1,239.85,9094.44,-26.2,33656.35,3,37752058.55,Pre-semilla,4604485.45,10.14,https://conecta-crece.com/pitch/159,https://youtube.com/watch?v=pitch159,MVP
160,Marina Bedoya,isabelsoto@example.com,+573248107411,Cali,Cundinamarca,Fintech,True,4594,188857.92,2024-03-20,Medio,44,F,6,True,True,True,4,Bootstrapped,158651.62,501068.14,192852.76,86714.96,301803.93,10.3,808,27.8,29,33,IA,Rust,PostgreSQL,DigitalOcean,889,2983,25.21,14.73,217.81,5191.08,174.17,77333.9,23,6268408.58,Pre-semilla,2622651.53,17.4,https://conecta-crece.com/pitch/160,https://youtube.com/watch?v=pitch160,Producto
161,Esperanza Lucía Gutiérrez Herrera,duvanbeltran@example.com,+57 316 648 50 44,Cartagena,Cundinamarca,Fintech,False,8138,706207.26,2023-07-31,Alto,29,F,10,False,False,False,1,Crowdfunding,122184.67,689473.63,85592.33,428530.1,357986.06,66.17,3010,6.2,72,34,Web,Go,Firebase,AWS,986,2368,12.45,10.58,489.01,7440.18,440.84,21028.71,26,48762853.96,Serie A,1041304.31,26.1,https://conecta-crece.com/pitch/161,https://youtube.com/watch?v=pitch161,Escalando
162,Piedad Patricia Muñoz Murcia,ngutierrez@example.net,+573134020049,Barranquilla,Atlántico,Healthtech,False,6607,127148.36,2023-09-14,Medio,44,F,22,False,False,False,1,Gobierno,32411.0,175482.9,99454.76,314557.14,54535.67,16.97,432,25.08,27,4,Móvil,Go,MongoDB,Google Cloud,2490,10210,19.07,11.52,333.93,5247.49,220.7,49272.07,21,33138452.34,Serie B,2548734.04,18.56,https://conecta-crece.com/pitch/162,https://youtube.com/watch?v=pitch162,Idea
163,Lina Romero,vargasdenis@example.net,3191188400,Bogotá,Atlántico,Fintech,False,7424,952817.59,2023-02-16,Alto,42,F,15,False,True,True,1,Crowdfunding,197823.31,545567.73,176940.05,82907.98,172727.9,31.87,3187,15.14,-72,34,IoT,Rust,Firebase,DigitalOcean,4615,14017,5.53,1.31,139.06,5951.35,157.79,69266.34,21,16092090.9,Pre-semilla,2972793.9,8.2,https://conecta-crece.com/pitch/163,https://youtube.com/watch?v=pitch163,Producto
164,Antonio Pinzón Rueda,martinezjesus@example.net,+576037144036,Bucaramanga,Cundinamarca,IA,False,6285,352132.4,2025-05-22,Medio,28,F,12,False,False,False,0,Angel,74284.18,453657.98,118506.33,455284.12,26947.69,31.34,2765,5.92,37,23,Web,Go,Firebase,DigitalOcean,2194,354,21.18,9.03,493.02,3839.6,164.67,59391.17,34,5092828.49,Semilla,1713038.94,17.57,https://conecta-crece.com/pitch/164,https://youtube.com/watch?v=pitch164,Producto
165,Andrés Fabián Rengifo Mosquera,velasquezliliana@example.net,+573198909984,Cali,Valle del Cauca,Agrotech,True,8192,170794.08,2024-03-17,Medio,26,Otro,7,False,False,True,2,Crowdfunding,120608.21,158120.18,148577.61,46886.96,337799.4,16.63,2759,8.93,45,36,Blockchain,Go,PostgreSQL,Azure,638,10694,24.89,7.82,156.96,6668.22,122.34,44359.85,19,31285697.41,Serie B,3374223.23,18.69,https://conecta-crece.com/pitch/165,https://youtube.com/watch?v=pitch165,Idea
166,Cristian Díaz Perea,qguzman@example.org,(+57)3054716066,Cartagena,Antioquia,E-commerce,False,3539,629704.72,2025-02-13,Alto,51,F,21,False,True,True,2,Gobierno,44323.11,105330.86,137061.33,150837.56,174607.2,32.31,527,19.38,5,20,IA,JavaScript,MongoDB,Google Cloud,3334,3927,4.29,3.28,130.34,8289.57,205.29,58183.38,30,21158754.53,Pre-semilla,1049853.02,11.82,https://conecta-crece.com/pitch/166,https://youtube.com/watch?v=pitch166,Idea
167,Luis Alberto Beltrán Herrera,jesusduran@example.org,57 328 268 68 81,Cali,Antioquia,SaaS,True,8010,262104.86,2023-07-07,Medio,23,M,3,False,False,True,3,VC,201501.62,620003.55,79379.01,420065.43,337225.91,26.52,4677,22.3,-70,36,IoT,Rust,MongoDB,DigitalOcean,749,3920,18.39,11.71,163.57,8340.11,355.48,81554.95,18,46781454.79,Semilla,764175.65,9.38,https://conecta-crece.com/pitch/167,https://youtube.com/watch?v=pitch167,Producto
168,Robinson Martínez Marín,javiermunoz@example.com,323 367 73 10,Cali,Cundinamarca,Agrotech,False,1900,442278.04,2025-08-19,Medio,42,Otro,14,False,True,False,1,VC,142566.53,257417.5,61634.28,323053.4,362167.59,12.44,447,21.03,71,18,IA,Rust,Firebase,Azure,2982,14817,24.56,2.27,434.81,8590.71,163.66,91429.96,28,46382619.28,Serie A,1539396.35,28.41,https://conecta-crece.com/pitch/168,https://youtube.com/watch?v=pitch168,MVP
169,Doris Cristina Ramírez Vargas,mary58@example.net,01 8002 271 253,Medellín,Atlántico,SaaS,False,6706,300935.79,2025-01-03,Medio,24,F,3,False,False,False,2,Gobierno,263028.37,574168.92,164880.17,349542.61,202928.74,34.63,4932,22.15,40,23,Blockchain,Python,MySQL,Google Cloud,3642,12980,19.59,0.54,108.04,3124.92,266.7,15528.68,18,25866657.96,Semilla,4242454.13,22.14,https://conecta-crece.com/pitch/169,https://youtube.com/watch?v=pitch169,Producto
170,Betty María Ramírez Maldonado,andrea86@example.org,(+57) 318 589 48 92,Bucaramanga,Antioquia,Healthtech,True,9766,454232.45,2024-05-13,Medio,42,F,7,True,False,False,1,Gobierno,262917.0,661330.01,176868.29,113019.08,379285.2,74.62,1873,27.3,18,15,IA,JavaScript,MySQL,DigitalOcean,3523,9856,8.54,1.79,190.28,9477.71,14.54,73265.43,30,38690630.09,Serie B,4144924.39,17.35,https://conecta-crece.com/pitch/170,https://youtube.com/watch?v=pitch170,MVP
171,Myriam Ramírez Hernández,frodriguez@example.com,+576015882261,Medellín,Valle del Cauca,Healthtech,False,6309,714995.89,2025-04-06,Alto,30,F,7,True,False,True,3,Angel,122557.23,102160.0,58038.59,131637.93,247377.95,73.51,3028,17.9,65,32,Web,Python,Firebase,Google Cloud,2658,11374,12.53,3.58,197.91,4290.58,278.46,11940.28,6,2700419.32,Semilla,2381115.5,13.86,https://conecta-crece.com/pitch/171,https://youtube.com/watch?v=pitch171,Idea
172,Óscar Rivas Alvarado,renteriayurany@example.net,309 780 97 32,Cartagena,Atlántico,Healthtech,False,6126,10334.18,2023-08-10,Bajo,30,Otro,2,True,False,True,4,Gobierno,279098.08,614527.73,26383.91,159341.38,212545.18,19.93,957,10.08,-68,34,IA,Java,Firebase,Azure,2166,10062,25.06,13.94,263.32,4414.18,40.74,75002.58,34,38207403.14,Semilla,2800589.81,28.07,https://conecta-crece.com/pitch/172,https://youtube.com/watch?v=pitch172,Escalando
173,Nubia Adriana Moreno,cardonamauricio@example.org,+573163124406,Medellín,Cundinamarca,Edtech,True,637,57956.08,2024-03-15,Bajo,52,F,6,False,False,True,3,Bootstrapped,132455.91,692173.01,112170.9,229422.09,45706.36,60.38,1212,4.59,-77,16,IA,JavaScript,PostgreSQL,Azure,4624,14616,20.23,3.58,499.02,140.84,371.77,22154.04,7,12383256.05,Serie B,3400697.15,27.18,https://conecta-crece.com/pitch/173,https://youtube.com/watch?v=pitch173,Idea
174,Jair César Escobar,cperez@example.com,+576024340839,Bucaramanga,Cundinamarca,Agrotech,False,9722,287859.85,2023-03-01,Medio,28,F,5,True,True,False,5,Gobierno,136216.65,668641.07,118840.85,3896.88,387932.39,55.93,3711,10.42,87,11,Móvil,Python,MongoDB,Azure,464,12206,3.05,14.3,196.88,4048.7,47.91,96679.68,28,4550496.55,Semilla,856556.39,24.49,https://conecta-crece.com/pitch/174,https://youtube.com/watch?v=pitch174,Producto
175,Luz León,whernandez@example.net,+57 311 892 04 94,Bucaramanga,Antioquia,Fintech,False,8092,648932.16,2024-12-18,Alto,49,Otro,10,True,False,True,2,Crowdfunding,59961.38,311809.69,77617.91,134971.22,240456.03,16.32,3461,24.52,57,14,Blockchain,Go,MySQL,AWS,4215,5619,29.22,10.31,327.33,7164.99,461.87,55091.48,36,4290108.08,Serie B,2214909.82,27.68,https://conecta-crece.com/pitch/175,https://youtube.com/watch?v=pitch175,Escalando
176,Luz Tamayo,zmercado@example.com,320 158 43 21,Medellín,Valle del Cauca,IA,True,8620,303891.29,2023-02-04,Medio,49,F,19,True,True,True,4,Bootstrapped,153195.48,289113.58,92931.3,360434.69,325279.64,34.88,4796,3.37,28,4,Web,Go,PostgreSQL,Google Cloud,3229,761,3.42,13.21,155.85,5913.36,200.25,68674.69,19,17132585.56,Semilla,1094788.44,6.96,https://conecta-crece.com/pitch/176,https://youtube.com/watch?v=pitch176,Producto
177,Rocío Catalina Camacho,angel64@example.com,(+57)6076574239,Bogotá,Atlántico,E-commerce,True,145,872257.72,2024-12-18,Alto,47,M,1,True,False,False,5,Gobierno,260634.16,676062.67,120377.49,243874.52,247704.95,78.17,2955,21.03,76,28,IA,Python,PostgreSQL,Google Cloud,123,3146,4.25,0.73,485.55,8604.22,65.08,66619.21,18,21845844.84,Semilla,476163.06,24.24,https://conecta-crece.com/pitch/177,https://youtube.com/watch?v=pitch177,MVP
178,Marcela Londoño,martingiraldo@example.net,(+57)3020343998,Bogotá,Cundinamarca,Edtech,True,7345,476619.14,2024-12-23,Medio,53,F,1,False,True,True,2,Crowdfunding,248835.23,274213.38,66770.01,52229.1,339173.71,40.23,3405,25.61,88,21,Web,Go,Firebase,DigitalOcean,4215,9703,22.01,14.06,453.49,8689.58,77.55,10766.94,4,21158026.92,Serie A,2788615.64,11.7,https://conecta-crece.com/pitch/178,https://youtube.com/watch?v=pitch178,Escalando
179,Carlos Jhoan Acosta Ocampo,andrea94@example.net,+573035416807,Bogotá,Atlántico,E-commerce,False,7395,889694.89,2024-12-11,Alto,49,M,6,False,True,False,2,Gobierno,69630.93,153791.64,181814.03,170237.35,241158.37,68.97,3837,4.8,-25,27,Blockchain,Java,Firebase,Google Cloud,1707,4647,21.03,1.75,246.62,1815.58,35.97,51757.64,29,47158429.45,Serie B,1553076.87,10.24,https://conecta-crece.com/pitch/179,https://youtube.com/watch?v=pitch179,Idea
180,Natalia Melo,carlos27@example.net,573246288700,Cali,Valle del Cauca,Healthtech,True,2912,999264.92,2023-05-09,Alto,54,M,3,False,False,True,4,Angel,36206.41,156866.95,51564.43,170821.78,142612.2,13.27,4563,8.76,-62,35,IoT,Python,MySQL,DigitalOcean,3754,13808,22.92,14.63,393.01,6135.59,422.11,14677.46,5,25414555.79,Semilla,3168134.27,26.77,https://conecta-crece.com/pitch/180,https://youtube.com/watch?v=pitch180,Producto
181,David Cortés Niño,morajonathan@example.com,+573015442750,Cali,Atlántico,IA,False,1676,161247.38,2025-03-22,Medio,31,Otro,12,False,True,True,1,Gobierno,290891.0,538453.51,1317.51,417571.87,189886.4,30.07,1402,3.47,-5,29,IA,JavaScript,PostgreSQL,DigitalOcean,1879,2280,24.25,6.49,210.56,4641.66,418.81,80487.7,26,47192638.79,Serie B,770642.31,5.25,https://conecta-crece.com/pitch/181,https://youtube.com/watch?v=pitch181,Idea
182,Amparo Lucero Molina,ligiaguzman@example.com,300 682 77 04,Cali,Atlántico,IA,True,7161,89354.32,2023-03-21,Bajo,25,F,25,True,True,True,5,Crowdfunding,291798.34,293513.71,177156.57,350694.41,349519.71,60.51,2569,27.37,-98,20,IoT,Rust,PostgreSQL,DigitalOcean,3665,10569,6.95,8.39,396.29,6555.17,333.61,89329.12,28,38792476.7,Serie A,467190.57,18.44,https://conecta-crece.com/pitch/182,https://youtube.com/watch?v=pitch182,Escalando
183,Ferney Cardona,rosaherrera@example.com,3148992664,Bucaramanga,Antioquia,E-commerce,False,3551,726473.19,2025-08-09,Alto,27,Otro,18,False,False,True,0,Bootstrapped,267095.8,377952.85,51738.04,416282.26,122133.68,39.59,4139,4.2,-85,26,IA,Rust,MongoDB,AWS,401,12415,19.88,2.31,156.0,7394.9,199.23,98380.3,17,17581823.04,Serie A,3351265.75,25.38,https://conecta-crece.com/pitch/183,https://youtube.com/watch?v=pitch183,MVP
184,María María Acevedo Vargas,andrea31@example.org,327 908 82 89,Cartagena,Antioquia,Fintech,False,8511,715779.22,2024-07-09,Alto,34,F,15,True,True,False,3,Bootstrapped,27674.58,297420.71,26012.66,108177.42,31966.62,57.38,3299,18.06,32,28,IA,Rust,Firebase,DigitalOcean,3615,11308,28.0,7.6,486.9,8255.74,29.39,17076.78,32,6556320.88,Pre-semilla,3487629.99,16.39,https://conecta-crece.com/pitch/184,https://youtube.com/watch?v=pitch184,Idea
185,Ángel Jaime Palacios,danielaramirez@example.net,573068174643,Cartagena,Valle del Cauca,Fintech,False,1857,747763.82,2024-07-22,Alto,29,F,19,False,True,True,0,VC,91477.38,262121.83,58796.26,14960.91,57833.46,64.87,3455,2.41,-22,21,Móvil,JavaScript,Firebase,AWS,1012,8990,11.11,13.12,214.61,5773.29,261.17,90527.29,27,23813854.67,Semilla,3821658.6,17.62,https://conecta-crece.com/pitch/185,https://youtube.com/watch?v=pitch185,Escalando
186,Sneider Yerson Ortiz,medinaluis@example.com,01 8001 482 571,Bucaramanga,Atlántico,Edtech,False,1513,762870.39,2024-04-26,Alto,48,F,8,False,False,True,5,Gobierno,220773.84,452141.57,173190.71,353897.1,229140.32,65.73,2530,17.27,-69,8,Móvil,Rust,MySQL,Google Cloud,3908,8255,27.01,2.24,468.73,1879.46,-39.56,79741.92,18,41501558.5,Serie B,469007.33,18.34,https://conecta-crece.com/pitch/186,https://youtube.com/watch?v=pitch186,Producto
187,Alexis Augusto Chacón,salaspaola@example.com,6033333740,Bogotá,Atlántico,IA,True,5619,404788.88,2024-10-25,Medio,49,M,14,True,False,False,2,Bootstrapped,34393.39,69533.54,33631.2,72873.09,102817.37,16.27,2513,28.61,73,13,Web,Rust,MongoDB,Google Cloud,232,11706,2.7,6.15,166.82,4186.95,128.32,40673.75,10,2688718.11,Semilla,3773062.01,19.65,https://conecta-crece.com/pitch/187,https://youtube.com/watch?v=pitch187,Escalando
188,Stiven Alberto Mejía,manriqueangie@example.net,318 287 21 93,Cartagena,Atlántico,Fintech,False,1043,511078.17,2025-06-09,Alto,42,F,18,False,True,False,0,Gobierno,190062.39,639614.57,3724.57,277483.56,234800.14,17.11,4544,19.89,-68,22,IoT,Go,Firebase,AWS,4109,3353,23.7,2.56,274.82,1765.06,84.84,95498.2,31,2185424.78,Serie B,4807516.49,20.52,https://conecta-crece.com/pitch/188,https://youtube.com/watch?v=pitch188,MVP
189,Yaneth María Peña Castro,hernandezadiela@example.net,+57 608 989 38 60,Barranquilla,Valle del Cauca,E-commerce,False,6278,5540.22,2025-07-22,Bajo,44,Otro,7,False,True,True,5,Crowdfunding,168924.47,210446.84,79060.98,62365.51,56548.39,48.95,2289,26.47,-47,35,IA,Java,MongoDB,DigitalOcean,2246,4049,20.21,5.16,113.21,9594.03,130.65,91831.73,11,32357520.27,Pre-semilla,3063494.41,5.11,https://conecta-crece.com/pitch/189,https://youtube.com/watch?v=pitch189,Idea
190,Paola Amparo Morales Arango,hurtadowilliam@example.com,321 744 76 62,Barranquilla,Atlántico,IA,False,8866,674342.87,2024-07-13,Alto,27,Otro,21,True,True,False,5,Bootstrapped,105898.42,568946.87,165493.37,179624.9,71532.91,63.76,69,4.62,-6,15,Blockchain,Python,PostgreSQL,AWS,2313,11170,27.72,5.69,54.08,6173.08,116.75,73191.91,17,49007944.1,Serie A,232140.41,17.32,https://conecta-crece.com/pitch/190,https://youtube.com/watch?v=pitch190,MVP
191,Tatiana Moreno,amparonieto@example.net,57 327 200 99 15,Bucaramanga,Atlántico,Fintech,False,9374,12099.72,2024-11-15,Bajo,54,F,6,True,True,True,4,Angel,223792.03,89201.64,186712.68,427884.0,352496.43,61.02,2247,6.56,73,4,IoT,Rust,MongoDB,DigitalOcean,26,7017,19.59,14.17,35.41,9393.72,187.9,99535.12,20,6173713.05,Serie B,2503094.84,17.93,https://conecta-crece.com/pitch/191,https://youtube.com/watch?v=pitch191,Idea
192,María López Zambrano,dmorales@example.net,57 328 553 15 44,Medellín,Cundinamarca,Healthtech,False,8773,884383.43,2022-12-29,Alto,50,F,1,False,True,False,0,Crowdfunding,242301.87,693185.25,45125.6,345084.93,383144.05,74.19,1612,5.77,-21,7,Web,Python,Firebase,DigitalOcean,206,9728,24.12,14.06,421.85,2546.82,210.47,96086.25,6,41099526.42,Semilla,4720560.51,24.39,https://conecta-crece.com/pitch/192,https://youtube.com/watch?v=pitch192,Escalando
193,Luz Paula Vega Vargas,kflorez@example.com,+576043620289,Bucaramanga,Atlántico,E-commerce,True,1451,765278.08,2023-01-11,Alto,25,M,13,False,True,True,0,Gobierno,16436.65,427517.05,86367.8,51811.96,23071.35,13.65,3124,12.65,58,29,Móvil,Rust,MySQL,DigitalOcean,3155,7625,24.06,13.26,313.42,3462.2,465.67,79378.27,32,25908923.34,Semilla,584632.62,5.31,https://conecta-crece.com/pitch/193,https://youtube.com/watch?v=pitch193,Idea
194,Rubiela Molina,marcela62@example.net,573093344074,Medellín,Antioquia,SaaS,False,5872,594922.07,2025-07-29,Alto,48,F,24,False,True,True,1,Bootstrapped,18147.35,218166.8,87169.63,479910.93,301945.96,31.78,4433,23.49,-63,33,IA,Rust,MongoDB,Azure,3031,152,16.01,10.04,80.85,2450.13,400.55,58147.74,6,21160850.91,Semilla,4883728.32,21.01,https://conecta-crece.com/pitch/194,https://youtube.com/watch?v=pitch194,MVP
195,José Guillermo Domínguez,wlozano@example.org,3541026,Cali,Antioquia,SaaS,False,7707,786337.49,2024-01-10,Alto,43,Otro,19,False,False,False,2,Angel,31454.37,613273.83,182108.6,248469.41,368045.47,54.71,1886,14.53,-46,18,Blockchain,Java,Firebase,Google Cloud,3289,3038,24.96,0.6,14.85,3643.08,255.08,18528.19,31,9800731.88,Serie A,267328.89,5.74,https://conecta-crece.com/pitch/195,https://youtube.com/watch?v=pitch195,MVP
196,Diana Molano Contreras,cgaleano@example.net,(+57) 308 375 64 83,Medellín,Valle del Cauca,SaaS,True,5617,287680.38,2025-09-03,Medio,37,M,7,True,True,False,0,Bootstrapped,249433.72,96070.47,130973.84,442620.75,135882.61,24.72,3737,7.96,-5,13,IoT,Rust,Firebase,AWS,980,2386,26.6,2.4,102.92,5372.29,331.89,35205.4,30,48851378.86,Semilla,4609017.29,24.08,https://conecta-crece.com/pitch/196,https://youtube.com/watch?v=pitch196,MVP
197,Jesús Alexander Franco Cortés,bduque@example.org,57 303 005 49 96,Cali,Antioquia,Healthtech,True,922,855163.26,2024-12-16,Alto,39,M,17,False,True,True,3,Crowdfunding,19461.91,356029.66,150261.61,322890.71,204056.08,44.9,3803,6.19,82,26,IoT,Go,Firebase,DigitalOcean,2208,9542,12.63,13.86,296.15,462.38,70.74,24285.05,18,19855408.77,Serie A,2153863.13,14.43,https://conecta-crece.com/pitch/197,https://youtube.com/watch?v=pitch197,MVP
198,Alexandra Pulido,estela43@example.com,(+57)6054270978,Cali,Valle del Cauca,E-commerce,True,2250,935821.41,2024-05-05,Alto,27,F,15,False,True,True,3,Crowdfunding,186337.75,298271.64,93510.2,205067.43,321958.18,32.19,3132,1.72,13,17,IA,Python,MongoDB,AWS,2422,13825,15.55,8.43,48.3,2836.61,75.26,16265.85,26,2010241.12,Semilla,1702101.32,21.88,https://conecta-crece.com/pitch/198,https://youtube.com/watch?v=pitch198,Producto
199,Manuel Álvaro León Ortiz,rocio21@example.org,(+57) 306 793 98 56,Bucaramanga,Valle del Cauca,Edtech,True,8948,306202.0,2023-07-29,Medio,38,M,25,False,False,False,3,Gobierno,246558.39,530464.25,2378.14,327391.43,395718.43,76.6,3256,7.6,85,16,Blockchain,JavaScript,Firebase,DigitalOcean,2800,12994,3.49,12.76,220.11,9425.1,179.73,46674.68,4,18797538.35,Semilla,1562581.08,23.45,https://conecta-crece.com/pitch/199,https://youtube.com/watch?v=pitch199,Escalando
200,Javier Morales Rodríguez,luz72@example.org,6082595641,Cali,Valle del Cauca,Edtech,False,7024,811349.38,2024-10-28,Alto,47,Otro,18,False,False,True,4,Bootstrapped,276643.26,107583.87,190527.51,165795.01,252231.85,52.21,4979,17.64,0,27,Móvil,Go,MySQL,DigitalOcean,1552,7798,4.15,8.76,231.25,8957.96,1.28,14909.75,14,1699751.79,Serie B,182850.6,9.97,https://conecta-crece.com/pitch/200,https://youtube.com/watch?v=pitch200,Escalando
201,Jhoana Bastidas,whernandez@example.net,57 312 595 77 17,Medellín,Valle del Cauca,SaaS,True,7499,287398.53,2023-01-17,Medio,25,F,17,True,True,False,3,Gobierno,47110.64,77520.76,107290.6,239647.32,28250.19,76.86,1691,4.77,-48,22,Blockchain,Go,PostgreSQL,Azure,4822,3345,15.57,10.43,144.97,173.69,28.48,11077.15,28,30281945.11,Semilla,2652989.7,27.76,https://conecta-crece.com/pitch/201,https://youtube.com/watch?v=pitch201,Escalando
202,Diego Mosquera Hernández,alberto00@example.com,601 702 13 21,Cartagena,Cundinamarca,SaaS,True,4767,462903.54,2024-08-23,Medio,51,F,23,False,False,True,3,Angel,53873.43,432415.56,86415.32,192947.83,263904.75,58.9,782,12.41,-89,18,Móvil,Java,MongoDB,AWS,1789,14908,15.31,14.89,280.88,9953.63,-7.91,14996.33,23,20563793.77,Semilla,1301194.76,17.65,https://conecta-crece.com/pitch/202,https://youtube.com/watch?v=pitch202,Escalando
203,Alberto Pinto Guerra,edilsoncaceres@example.com,57 602 375 89 80,Bucaramanga,Atlántico,Agrotech,False,6592,31584.29,2024-12-22,Bajo,34,F,2,True,False,True,5,Angel,98133.11,524073.22,96951.85,35050.35,219732.67,26.96,3585,5.07,-29,13,Móvil,Python,MySQL,Google Cloud,2419,2054,16.5,6.17,48.02,7659.53,322.56,19582.17,25,8979217.41,Pre-semilla,4468804.14,18.31,https://conecta-crece.com/pitch/203,https://youtube.com/watch?v=pitch203,Escalando
204,Carlos Martínez Luna,velandiaalberto@example.net,(+57) 608 438 94 47,Bucaramanga,Cundinamarca,Agrotech,False,7324,698258.65,2025-08-07,Alto,25,Otro,1,True,False,True,1,VC,272626.92,139989.98,3207.69,14944.14,6612.34,67.44,517,7.4,-76,13,Móvil,Python,Firebase,AWS,2689,5306,17.3,3.25,111.49,5462.86,466.41,16476.38,16,5383677.2,Serie A,909426.71,15.05,https://conecta-crece.com/pitch/204,https://youtube.com/watch?v=pitch204,Producto
205,Jimena Yina Toro,ycabrera@example.net,+573260901895,Medellín,Atlántico,Edtech,True,4612,16921.47,2024-04-19,Bajo,45,M,3,True,False,False,4,Gobierno,294930.75,71269.51,107236.31,495275.11,340305.64,22.0,776,18.4,61,27,Móvil,Java,PostgreSQL,Azure,3959,1126,10.72,9.32,296.67,3885.48,302.33,27080.42,3,11707034.63,Pre-semilla,1578800.71,23.45,https://conecta-crece.com/pitch/205,https://youtube.com/watch?v=pitch205,MVP
206,Natalia Jiménez,benitezyohana@example.net,607 800 27 95,Bogotá,Antioquia,Healthtech,False,4909,621667.4,2023-06-06,Alto,34,M,13,True,True,True,5,Crowdfunding,296565.41,310608.34,175466.38,67999.24,127561.43,65.09,324,16.11,6,21,Web,JavaScript,MongoDB,Azure,1994,3392,16.64,13.65,335.85,2558.55,328.04,73352.71,27,26121449.18,Semilla,2239686.41,5.15,https://conecta-crece.com/pitch/206,https://youtube.com/watch?v=pitch206,Escalando
207,Lina Álvarez,wgomez@example.org,(+57) 605 386 66 92,Medellín,Cundinamarca,SaaS,True,3395,74635.0,2025-10-06,Bajo,30,M,6,True,True,True,3,Gobierno,93438.89,505171.64,48984.99,89041.32,100188.6,29.97,3672,29.06,-49,20,Blockchain,Python,MongoDB,DigitalOcean,3104,2768,14.65,6.63,308.6,4390.96,35.73,95606.96,33,1088572.75,Serie B,2165616.57,7.08,https://conecta-crece.com/pitch/207,https://youtube.com/watch?v=pitch207,Producto
208,Julio Mejía Barragán,ivan48@example.com,+57 315 591 57 25,Medellín,Antioquia,Healthtech,False,7646,597207.44,2025-05-26,Alto,41,F,10,False,False,True,2,Angel,214459.01,137001.02,183226.39,3086.09,344772.73,61.13,3065,15.25,6,28,IA,Go,Firebase,Azure,4829,1187,12.85,1.06,461.59,3909.78,261.08,23451.68,30,47859134.14,Serie A,2572561.4,17.22,https://conecta-crece.com/pitch/208,https://youtube.com/watch?v=pitch208,Producto
209,Elías Fabián Cárdenas Fajardo,yolandaochoa@example.net,+573122483229,Bucaramanga,Atlántico,Agrotech,True,4020,697973.13,2023-02-14,Alto,52,M,12,True,True,False,4,Gobierno,283279.57,103157.17,49482.96,289592.56,265311.78,21.3,956,23.36,64,27,Blockchain,Rust,MySQL,Google Cloud,3474,2736,25.06,4.17,158.09,9680.07,312.17,41364.92,22,36723278.5,Pre-semilla,590906.66,19.32,https://conecta-crece.com/pitch/209,https://youtube.com/watch?v=pitch209,Producto
210,Germán Camilo Zapata Bermúdez,freddy87@example.org,(+57) 605 614 00 30,Cali,Antioquia,SaaS,False,5097,815156.88,2025-09-25,Alto,22,M,16,True,True,True,5,Gobierno,157488.6,458164.83,146608.45,86146.49,150360.83,59.28,1622,15.11,28,10,Blockchain,Rust,PostgreSQL,Google Cloud,1656,986,22.75,12.23,104.02,9831.18,429.39,46869.39,9,43431263.4,Semilla,445058.52,7.14,https://conecta-crece.com/pitch/210,https://youtube.com/watch?v=pitch210,Idea
211,Deisy Prieto,carlos13@example.org,573102462803,Cali,Cundinamarca,E-commerce,True,7879,280378.39,2023-03-29,Medio,53,Otro,25,True,True,True,2,Bootstrapped,199596.68,552445.02,8371.87,106323.11,316881.19,36.3,4260,29.62,94,20,Blockchain,Go,MongoDB,DigitalOcean,2767,6094,20.77,5.47,164.46,2472.01,148.67,42854.78,6,48767722.53,Serie A,4041037.52,5.08,https://conecta-crece.com/pitch/211,https://youtube.com/watch?v=pitch211,Escalando
212,Miryam Jaramillo,ivan39@example.net,(+57)6051244470,Medellín,Cundinamarca,E-commerce,True,8743,726594.09,2024-12-08,Alto,39,Otro,25,True,False,False,4,Gobierno,154474.2,462159.89,625.82,319398.56,376821.53,32.55,2950,26.33,88,23,Blockchain,JavaScript,Firebase,DigitalOcean,676,5727,13.41,14.01,466.11,9870.03,421.41,90994.26,27,14763762.36,Semilla,3574112.77,26.75,https://conecta-crece.com/pitch/212,https://youtube.com/watch?v=pitch212,Idea
213,Ester Marcela Toro,javier16@example.net,+573102075025,Bogotá,Valle del Cauca,IA,False,2803,132222.05,2025-08-19,Medio,50,M,16,True,True,True,1,Bootstrapped,31640.9,695353.03,5844.36,464572.73,131139.12,36.84,2296,7.39,-35,33,Web,JavaScript,Firebase,AWS,2736,14305,7.49,8.85,462.69,740.2,138.77,91465.88,27,32730590.51,Serie B,4051815.04,10.59,https://conecta-crece.com/pitch/213,https://youtube.com/watch?v=pitch213,Idea
214,Consuelo María Valencia,anaflorez@example.net,+57 605 432 14 21,Bogotá,Cundinamarca,Healthtech,True,1952,294521.62,2025-09-23,Medio,45,M,11,False,True,False,0,Crowdfunding,160680.91,592983.02,195969.9,160501.85,146517.52,57.55,1034,16.07,54,17,Web,Go,MySQL,DigitalOcean,2598,2390,24.67,4.8,117.26,6831.81,31.08,31922.32,5,29984127.38,Serie A,2536771.07,22.21,https://conecta-crece.com/pitch/214,https://youtube.com/watch?v=pitch214,Producto
215,Ana Claudia Romero,corteslucia@example.com,324 552 94 92,Bucaramanga,Atlántico,SaaS,True,8160,996864.36,2022-12-01,Alto,40,Otro,13,True,False,True,5,Angel,254420.98,654103.04,45014.35,368127.06,369324.62,64.32,3993,22.09,-24,13,Web,Rust,Firebase,Azure,3470,11126,14.73,5.55,201.77,811.05,349.72,31824.59,15,35085322.67,Serie B,531731.86,13.09,https://conecta-crece.com/pitch/215,https://youtube.com/watch?v=pitch215,Idea
216,Yeimy Gladys Giraldo Díaz,maricela59@example.org,311 235 70 88,Bucaramanga,Valle del Cauca,Agrotech,True,9506,850560.67,2024-01-28,Alto,30,F,23,False,False,True,1,Angel,241307.53,136958.55,130247.6,181750.66,342571.61,17.14,1209,11.92,9,13,Web,Python,MongoDB,DigitalOcean,1481,879,4.4,7.97,175.86,4394.83,31.71,73642.29,18,1796242.11,Semilla,2013391.75,12.57,https://conecta-crece.com/pitch/216,https://youtube.com/watch?v=pitch216,MVP
217,Cristian Jairo Acevedo Gutiérrez,dolores87@example.com,573262589808,Barranquilla,Cundinamarca,IA,False,6310,654532.98,2025-04-02,Alto,39,Otro,21,False,False,True,0,Bootstrapped,24791.1,342452.91,133758.44,255364.5,9992.28,50.11,4690,14.91,77,9,IoT,JavaScript,Firebase,DigitalOcean,3562,4908,17.57,1.94,41.11,9097.92,387.37,22564.54,4,19750447.59,Serie B,366461.73,25.93,https://conecta-crece.com/pitch/217,https://youtube.com/watch?v=pitch217,Idea
218,Isaac Fabián González,mariajaimes@example.com,57 608 142 89 24,Medellín,Cundinamarca,Edtech,True,137,754740.67,2022-11-20,Alto,50,F,4,True,True,True,5,Angel,26346.28,179732.34,150613.75,43220.55,50587.07,30.9,4459,5.98,68,3,Móvil,Java,MySQL,Azure,4385,7309,5.06,7.61,163.34,9116.75,498.24,62586.35,35,10570991.33,Pre-semilla,3329954.13,6.12,https://conecta-crece.com/pitch/218,https://youtube.com/watch?v=pitch218,Idea
219,Martha Barrios,ocampomartha@example.com,(+57)3024575025,Cali,Antioquia,Edtech,True,9745,192133.28,2025-02-21,Medio,44,F,5,False,True,False,2,Gobierno,194930.68,114323.56,91213.55,472425.5,270869.05,75.81,1173,16.54,-82,20,Móvil,Java,PostgreSQL,DigitalOcean,1267,5203,29.78,6.79,22.7,6075.71,-7.36,16839.02,10,34230564.43,Serie B,376498.83,21.0,https://conecta-crece.com/pitch/219,https://youtube.com/watch?v=pitch219,Producto
220,Patricia Ana Mosquera Padilla,alfonsotovar@example.org,(+57) 319 009 53 84,Cali,Antioquia,IA,True,4533,909699.16,2024-08-20,Alto,22,M,13,True,False,True,0,Angel,157942.7,612858.35,117765.41,403592.28,38939.79,34.42,4687,26.1,41,20,IoT,Python,MySQL,Google Cloud,2615,12338,12.3,5.51,373.24,9683.2,242.43,61488.61,28,23895407.25,Semilla,1332352.1,22.17,https://conecta-crece.com/pitch/220,https://youtube.com/watch?v=pitch220,MVP
221,David Ortega Ríos,ygonzalez@example.net,+57 608 803 57 13,Medellín,Atlántico,E-commerce,False,916,659275.12,2024-01-28,Alto,45,Otro,25,True,False,False,1,Gobierno,295873.88,558928.23,100445.85,138635.66,171563.82,75.92,1874,9.85,-78,22,Blockchain,Java,MySQL,AWS,638,11979,7.96,1.86,291.91,937.39,107.22,93310.96,3,48112099.93,Serie B,3401313.66,28.31,https://conecta-crece.com/pitch/221,https://youtube.com/watch?v=pitch221,MVP
222,Roberto Rendón,valentina98@example.net,57 309 185 68 07,Cartagena,Cundinamarca,Agrotech,True,3165,482257.67,2024-01-31,Medio,22,Otro,14,False,True,True,4,Gobierno,289394.22,472165.52,176386.11,262234.69,90647.38,15.26,1092,15.9,-87,30,Blockchain,Go,PostgreSQL,Azure,937,5557,27.51,4.12,274.17,7687.5,14.83,33421.91,21,13311064.31,Pre-semilla,3703227.32,19.22,https://conecta-crece.com/pitch/222,https://youtube.com/watch?v=pitch222,MVP
223,Silvia Paola Valencia Rincón,ruedablanca@example.org,57 605 896 16 69,Bucaramanga,Cundinamarca,Agrotech,False,992,923441.08,2025-06-16,Alto,44,M,20,False,False,False,2,Bootstrapped,1546.32,623137.39,37231.54,177911.63,41254.04,44.44,694,16.34,-61,29,Web,Go,MySQL,Google Cloud,2059,3724,14.65,5.93,188.6,8932.71,245.04,30600.76,31,32848354.27,Serie B,851079.79,13.84,https://conecta-crece.com/pitch/223,https://youtube.com/watch?v=pitch223,Escalando
224,Fernando López Ramos,estelarojas@example.net,573264772986,Bucaramanga,Antioquia,Fintech,True,4717,10781.17,2024-05-13,Bajo,24,M,13,False,False,True,1,Angel,284512.75,671789.2,196585.74,60277.36,196035.88,44.69,1043,10.42,95,28,IoT,Go,PostgreSQL,AWS,893,13007,1.61,2.76,255.0,7697.11,80.08,69439.48,24,21540286.06,Pre-semilla,2199926.15,12.24,https://conecta-crece.com/pitch/224,https://youtube.com/watch?v=pitch224,Escalando
225,Camilo Alexander Riascos Moreno,tortiz@example.org,01 8000 583 914,Barranquilla,Antioquia,E-commerce,True,8426,87201.82,2025-07-10,Bajo,33,M,9,True,False,True,5,Gobierno,59523.74,494522.63,161990.49,350871.33,201331.71,22.68,4843,19.24,-62,17,Web,JavaScript,Firebase,AWS,2253,3168,27.94,6.68,312.07,1000.26,-21.97,43693.23,22,35037927.19,Semilla,1147787.42,15.65,https://conecta-crece.com/pitch/225,https://youtube.com/watch?v=pitch225,Idea
226,Luz María Mejía Ortiz,ospinaluisa@example.net,+576036642276,Bucaramanga,Cundinamarca,Healthtech,True,4461,512314.37,2023-03-26,Alto,45,F,12,False,True,False,0,Angel,12266.74,36491.45,148950.94,106776.8,189245.62,73.59,825,13.5,-36,34,IA,Java,MongoDB,AWS,803,10980,1.4,8.5,432.37,3379.0,357.71,39331.57,36,30275219.01,Semilla,3268729.3,10.25,https://conecta-crece.com/pitch/226,https://youtube.com/watch?v=pitch226,Escalando
227,Emilse Medina Niño,dalvarez@example.com,605 478 75 44,Bogotá,Antioquia,SaaS,True,722,91795.02,2023-11-07,Bajo,34,M,23,False,True,True,4,Crowdfunding,102869.39,507745.46,197928.92,101797.56,288531.17,13.07,1570,13.13,82,19,IoT,Java,MongoDB,DigitalOcean,971,14943,13.65,7.5,266.64,9529.2,384.99,20858.84,20,34865640.76,Semilla,1483798.96,28.9,https://conecta-crece.com/pitch/227,https://youtube.com/watch?v=pitch227,Idea
228,Sonia Claudia García,bforero@example.net,+57 303 333 26 76,Bucaramanga,Antioquia,SaaS,False,8160,795418.43,2024-05-05,Alto,54,M,6,False,False,False,3,Crowdfunding,81448.26,128846.44,32000.61,109686.05,278931.32,71.54,4200,14.21,81,36,IA,Java,PostgreSQL,Azure,2209,9066,4.45,3.75,271.45,2989.25,301.79,94494.37,20,46369673.07,Serie A,4373245.07,6.29,https://conecta-crece.com/pitch/228,https://youtube.com/watch?v=pitch228,MVP
229,Gina Lara,dolores99@example.net,576032020705,Medellín,Cundinamarca,Fintech,False,9964,989588.59,2024-11-13,Alto,45,F,3,False,True,False,4,VC,97390.54,40084.4,163184.43,412141.96,88336.41,77.57,1447,8.42,-96,9,Blockchain,Java,PostgreSQL,DigitalOcean,1817,5332,8.8,8.93,405.79,7553.69,35.6,27013.7,30,18495136.33,Serie B,513770.76,9.54,https://conecta-crece.com/pitch/229,https://youtube.com/watch?v=pitch229,MVP
230,Angie Niño Álvarez,jorge40@example.org,3246249025,Medellín,Antioquia,E-commerce,False,3005,816520.0,2023-07-01,Alto,40,M,10,True,True,False,5,Crowdfunding,56354.41,100465.65,85279.01,228057.06,258331.41,38.18,4315,4.98,92,3,IoT,Python,Firebase,DigitalOcean,179,1822,24.97,11.57,325.8,533.03,86.59,12941.58,12,46936059.74,Pre-semilla,3972382.15,5.23,https://conecta-crece.com/pitch/230,https://youtube.com/watch?v=pitch230,Idea
231,Katherin Shirley Amaya,felipecardona@example.org,3238779210,Cali,Cundinamarca,Edtech,True,7921,544658.32,2025-03-02,Alto,50,M,10,False,False,True,1,Bootstrapped,163057.93,187219.65,108722.58,11582.74,18574.72,48.12,840,15.83,6,12,Web,JavaScript,MySQL,Google Cloud,3509,6334,5.27,10.0,120.68,8802.0,161.61,89001.27,10,24641846.7,Pre-semilla,1161386.16,28.91,https://conecta-crece.com/pitch/231,https://youtube.com/watch?v=pitch231,Producto
232,Fernanda Cecilia Contreras Torres,manriquejulio@example.com,318 572 03 38,Cartagena,Valle del Cauca,Fintech,False,1439,360521.36,2024-11-04,Medio,24,Otro,5,True,False,False,4,Angel,203829.99,105154.02,133454.68,151480.32,327170.97,34.39,851,8.86,27,26,IA,Python,MySQL,Google Cloud,1210,5267,5.29,6.98,400.46,9765.76,398.06,15750.58,30,47983307.19,Serie A,766105.71,13.08,https://conecta-crece.com/pitch/232,https://youtube.com/watch?v=pitch232,MVP
233,Luz Luz Roa Gómez,ncifuentes@example.net,(+57)3055269059,Barranquilla,Valle del Cauca,Healthtech,False,6994,185962.97,2024-03-22,Medio,52,Otro,14,False,True,True,3,Gobierno,164801.78,377123.07,98520.28,268570.07,92661.71,15.85,3455,16.28,98,17,Web,JavaScript,MongoDB,AWS,1675,13956,1.5,8.6,479.23,9216.95,-17.23,38188.02,11,14805394.68,Semilla,4184499.06,18.79,https://conecta-crece.com/pitch/233,https://youtube.com/watch?v=pitch233,Escalando
234,José Oviedo,esther44@example.com,309 962 39 58,Medellín,Cundinamarca,SaaS,True,1970,246284.92,2024-06-11,Medio,31,F,24,True,False,False,0,Bootstrapped,198824.2,51639.21,167487.44,435368.01,12850.14,35.57,647,8.11,-97,29,Móvil,JavaScript,Firebase,Google Cloud,4330,11465,28.51,7.32,364.05,4495.34,304.67,6254.89,10,7878778.07,Pre-semilla,3040659.31,9.34,https://conecta-crece.com/pitch/234,https://youtube.com/watch?v=pitch234,MVP
235,Sonia Espinosa,irenelondono@example.com,(+57) 328 094 18 05,Barranquilla,Atlántico,E-commerce,False,9422,15813.24,2025-06-13,Bajo,54,F,23,True,False,True,2,Bootstrapped,156450.31,684548.4,25026.67,106720.26,247922.27,25.32,1504,24.85,43,7,Blockchain,Go,MongoDB,DigitalOcean,3126,2720,2.59,5.89,217.87,2772.2,7.42,39456.65,24,1499638.11,Serie A,855664.0,7.66,https://conecta-crece.com/pitch/235,https://youtube.com/watch?v=pitch235,MVP
236,Jaime Yeferson González Rodríguez,eliana08@example.org,57 602 613 90 85,Cali,Antioquia,E-commerce,True,580,599125.2,2024-12-05,Alto,37,F,3,True,False,True,0,VC,27963.28,216023.4,196108.33,376088.04,383528.62,45.02,2576,22.8,85,25,Móvil,Python,MongoDB,DigitalOcean,4135,1674,15.56,11.74,21.61,7981.09,212.32,87537.17,5,14576957.11,Semilla,3427751.21,6.97,https://conecta-crece.com/pitch/236,https://youtube.com/watch?v=pitch236,Idea
237,Andrea Álvarez,hoyosangel@example.org,57 608 402 79 53,Medellín,Antioquia,IA,True,2688,953054.2,2023-10-28,Alto,54,Otro,24,False,False,True,2,VC,108094.91,599166.79,86180.29,445449.29,309850.66,37.13,1710,29.91,55,7,Móvil,Rust,Firebase,AWS,132,2356,23.22,4.99,435.09,7994.09,442.32,52396.66,32,15754563.14,Serie A,849288.8,12.0,https://conecta-crece.com/pitch/237,https://youtube.com/watch?v=pitch237,Producto
238,Adriana Ortega,andres80@example.net,018000985647,Bogotá,Antioquia,SaaS,False,4276,356601.63,2024-09-20,Medio,52,F,25,False,True,True,4,Gobierno,11877.79,601302.28,80187.84,428643.48,366922.33,19.03,3004,15.86,59,23,IA,Python,Firebase,DigitalOcean,2163,14395,26.39,10.4,314.1,6474.28,357.57,28257.59,3,7812655.47,Pre-semilla,1488769.97,8.96,https://conecta-crece.com/pitch/238,https://youtube.com/watch?v=pitch238,Escalando
239,Blanca Hurtado,ochoaandres@example.org,57 315 165 89 54,Medellín,Atlántico,IA,False,1581,854560.04,2025-03-20,Alto,44,F,15,False,True,True,1,Bootstrapped,275238.11,645743.52,153643.33,100536.03,132025.28,32.21,4950,15.1,79,33,Web,Java,Firebase,AWS,4475,2571,28.51,2.61,114.6,5725.25,493.3,78549.52,6,46829337.36,Serie A,3958317.69,29.46,https://conecta-crece.com/pitch/239,https://youtube.com/watch?v=pitch239,MVP
240,Javier Carlos González,martinezisaac@example.net,(+57) 319 082 48 09,Bogotá,Atlántico,Healthtech,False,2935,58807.13,2023-04-21,Bajo,27,M,3,False,False,True,2,Gobierno,261386.74,367344.56,133928.88,130464.17,332355.2,16.47,3510,10.92,92,22,Móvil,JavaScript,MongoDB,DigitalOcean,3955,7810,16.53,11.87,483.14,4424.16,451.93,59180.1,3,28089331.29,Semilla,435153.13,21.7,https://conecta-crece.com/pitch/240,https://youtube.com/watch?v=pitch240,MVP
241,Alfonso Galvis,ariasfabio@example.org,57 306 488 88 85,Bucaramanga,Valle del Cauca,Fintech,True,7564,327113.91,2023-08-05,Medio,31,F,11,True,False,False,4,Bootstrapped,296471.58,660326.62,171453.41,317512.23,255855.43,50.49,298,7.34,-52,29,IoT,JavaScript,Firebase,Google Cloud,2861,3456,28.62,14.59,292.65,242.27,397.58,6538.17,22,25154051.48,Pre-semilla,3511619.87,21.22,https://conecta-crece.com/pitch/241,https://youtube.com/watch?v=pitch241,Escalando
242,Vilma Benítez,smena@example.org,+57 309 209 78 49,Cali,Valle del Cauca,IA,False,8621,416983.46,2024-10-21,Medio,43,M,6,False,False,False,1,Crowdfunding,178467.54,379934.02,76312.66,422700.71,275669.42,40.62,2320,21.36,-75,8,Web,Python,MySQL,DigitalOcean,859,8153,22.75,9.55,276.92,6371.9,226.85,81557.71,21,42600092.29,Semilla,1153252.89,16.37,https://conecta-crece.com/pitch/242,https://youtube.com/watch?v=pitch242,Escalando
243,Inés Carolina Bolívar Parra,jaimesluis@example.com,(+57)6059234453,Barranquilla,Cundinamarca,Healthtech,False,6815,118928.6,2023-06-22,Medio,47,M,12,True,False,False,5,VC,92219.01,631871.14,181867.54,336977.11,2459.7,73.63,267,1.45,-61,26,IoT,Rust,MongoDB,Azure,1406,9394,29.79,4.01,487.01,2007.34,304.44,83712.24,30,6530636.17,Serie B,4887910.39,9.34,https://conecta-crece.com/pitch/243,https://youtube.com/watch?v=pitch243,Producto
244,Ana Carolina Niño Ortiz,ricardo78@example.net,608 524 78 23,Barranquilla,Antioquia,Fintech,True,8311,519690.69,2025-02-11,Alto,29,Otro,19,False,False,True,2,Angel,27976.33,17948.16,2307.62,385246.08,61897.01,53.27,4453,27.7,-80,27,Web,JavaScript,Firebase,Azure,1538,3947,19.92,3.72,104.98,8420.52,349.47,81674.25,27,38542540.11,Pre-semilla,1411075.88,28.37,https://conecta-crece.com/pitch/244,https://youtube.com/watch?v=pitch244,Idea
245,Yesenia Carmen Sierra Silva,ibarralucia@example.net,(+57) 310 300 07 72,Cartagena,Cundinamarca,Fintech,False,9813,640194.64,2023-06-08,Alto,29,M,5,False,False,True,0,Bootstrapped,148273.52,252978.12,167663.18,196009.3,196821.95,11.54,602,15.11,60,7,Móvil,Go,Firebase,Azure,3703,13267,5.67,4.83,452.78,6630.7,297.17,86206.85,10,48798202.12,Serie A,2445359.41,20.35,https://conecta-crece.com/pitch/245,https://youtube.com/watch?v=pitch245,Idea
246,Liliana Patricia Torres Mena,jruiz@example.net,(+57)3040315957,Bucaramanga,Valle del Cauca,Fintech,True,9980,162596.33,2024-09-29,Medio,23,Otro,1,True,True,False,0,Angel,8849.29,96995.51,16688.55,346109.26,51330.83,29.16,1632,28.64,-11,21,Blockchain,Go,Firebase,DigitalOcean,1591,4117,6.02,10.46,444.78,2882.72,166.05,60446.58,22,8366090.46,Semilla,4771122.27,17.2,https://conecta-crece.com/pitch/246,https://youtube.com/watch?v=pitch246,Escalando
247,Alberto Manuel Vergara Vergara,ortizalejandro@example.net,+573290218048,Bucaramanga,Valle del Cauca,IA,False,1812,426618.64,2023-03-22,Medio,46,F,7,False,False,True,3,Angel,266834.91,670668.21,50612.73,205494.32,241869.73,71.41,4345,11.22,-93,10,Móvil,Java,Firebase,Google Cloud,2940,4039,3.11,10.03,192.26,7817.19,17.27,35265.97,3,35868450.83,Semilla,2353614.3,24.88,https://conecta-crece.com/pitch/247,https://youtube.com/watch?v=pitch247,MVP
248,Iván Díaz Ramírez,docampo@example.org,(+57) 316 850 71 10,Barranquilla,Valle del Cauca,E-commerce,True,8688,563832.38,2023-11-13,Alto,35,M,18,False,True,False,5,Gobierno,95334.99,224084.99,39424.65,401559.87,199861.47,79.32,3450,4.46,15,13,IoT,Java,Firebase,Google Cloud,4731,368,9.27,9.83,429.49,9880.75,451.4,32014.75,28,1946708.95,Pre-semilla,1720079.85,5.41,https://conecta-crece.com/pitch/248,https://youtube.com/watch?v=pitch248,Escalando
249,Ingrid Cortés Angulo,aurora74@example.net,3174043054,Barranquilla,Valle del Cauca,Healthtech,False,5715,99644.22,2025-06-09,Bajo,47,M,18,False,False,True,3,VC,208937.08,318207.22,169734.46,483609.11,49268.05,36.17,841,1.85,-88,3,Móvil,Python,MongoDB,DigitalOcean,1864,2808,3.55,11.0,408.02,8179.86,245.66,5469.43,6,13058415.78,Pre-semilla,598477.81,28.68,https://conecta-crece.com/pitch/249,https://youtube.com/watch?v=pitch249,Idea
250,Maritza Marcela Mejía Barreto,mery89@example.com,(+57)3106128583,Bucaramanga,Atlántico,Healthtech,True,2307,267408.5,2023-09-05,Medio,51,M,5,False,True,False,5,Gobierno,200470.58,365234.59,48104.69,239485.48,196449.45,29.64,3954,7.55,-33,21,Web,Java,PostgreSQL,Google Cloud,649,1251,29.18,1.37,16.43,2239.74,400.18,22852.16,9,17088461.96,Serie A,3814415.39,12.8,https://conecta-crece.com/pitch/250,https://youtube.com/watch?v=pitch250,Escalando
251,Karol Reyes Polo,veronicamora@example.com,573180594086,Cartagena,Cundinamarca,Edtech,True,6007,657012.89,2024-05-08,Alto,46,F,20,True,False,True,0,VC,126928.19,480386.2,190298.92,289043.9,41544.09,42.27,877,22.61,-39,4,Blockchain,JavaScript,MongoDB,AWS,3911,10864,16.4,5.6,67.98,5548.01,144.93,25146.27,28,25159300.56,Serie A,313127.51,11.81,https://conecta-crece.com/pitch/251,https://youtube.com/watch?v=pitch251,Idea
252,Jackeline Yulieth Jiménez Morales,camilo61@example.com,(+57) 607 338 47 09,Barranquilla,Atlántico,Edtech,False,3153,53888.73,2024-09-17,Bajo,47,M,20,False,False,False,0,Bootstrapped,193903.46,671280.2,43915.95,27515.75,15046.63,28.63,539,16.43,-30,17,IoT,Go,Firebase,DigitalOcean,839,3622,22.28,13.25,141.45,2136.48,382.15,38025.15,21,35322082.04,Serie A,3682717.24,7.36,https://conecta-crece.com/pitch/252,https://youtube.com/watch?v=pitch252,Escalando
253,Omar Morales Giraldo,luz58@example.org,(+57)3019817955,Bucaramanga,Antioquia,Edtech,False,1187,740395.3,2025-01-26,Alto,32,M,11,False,True,True,5,Gobierno,128376.76,14578.79,194874.17,440747.51,68953.46,63.22,79,18.23,21,3,Blockchain,JavaScript,Firebase,AWS,380,13437,1.5,10.36,152.42,2360.05,226.73,76724.29,9,5089623.94,Serie A,2290450.94,23.37,https://conecta-crece.com/pitch/253,https://youtube.com/watch?v=pitch253,Producto
254,Rocío Patricia Gómez,fabianquintero@example.com,+57 601 638 15 05,Cali,Valle del Cauca,Agrotech,True,5827,665091.48,2024-08-09,Alto,41,Otro,11,False,True,False,5,Crowdfunding,218464.66,14509.09,195727.49,428276.5,264019.27,19.91,4078,1.9,47,30,IA,JavaScript,MySQL,Google Cloud,3104,10485,4.13,4.47,317.18,5494.67,451.81,98796.51,36,8830117.19,Serie A,4445574.77,14.78,https://conecta-crece.com/pitch/254,https://youtube.com/watch?v=pitch254,Escalando
255,Amanda Cecilia Jiménez Romero,yina57@example.org,573137964502,Cali,Valle del Cauca,Edtech,True,9544,945540.17,2025-09-05,Alto,55,Otro,11,True,False,False,4,VC,86522.56,678628.92,99785.4,343077.82,186953.94,20.52,2373,19.09,70,13,IA,Go,MongoDB,AWS,2424,275,14.16,3.65,414.48,1322.01,218.6,5483.57,25,33046640.41,Pre-semilla,297015.13,8.44,https://conecta-crece.com/pitch/255,https://youtube.com/watch?v=pitch255,Producto
256,Miguel Arturo Arango,dario56@example.net,309 783 76 61,Cartagena,Antioquia,Fintech,False,2387,786336.98,2025-04-12,Alto,34,F,19,True,False,True,0,Gobierno,279880.43,174109.95,135700.06,193734.18,160126.15,73.29,2140,27.69,52,22,Móvil,Rust,Firebase,Azure,4746,2300,20.82,3.39,76.49,5587.41,115.58,13131.8,32,27336950.72,Serie B,3922908.38,25.85,https://conecta-crece.com/pitch/256,https://youtube.com/watch?v=pitch256,Idea
257,Esteban Óscar Patiño,shurtado@example.org,+57 327 618 45 67,Barranquilla,Valle del Cauca,E-commerce,False,7723,142916.83,2024-03-19,Medio,44,F,15,False,False,False,0,Crowdfunding,7926.64,536738.79,17685.8,71152.21,362814.03,65.06,4754,15.85,-68,21,Web,Go,PostgreSQL,DigitalOcean,58,7602,24.42,13.19,235.51,638.03,-19.92,83839.96,9,16740824.38,Pre-semilla,4118603.66,19.14,https://conecta-crece.com/pitch/257,https://youtube.com/watch?v=pitch257,Producto
258,Olga Benítez,parrajuan@example.org,+57 313 668 53 15,Bogotá,Cundinamarca,SaaS,True,8508,864992.55,2023-09-21,Alto,31,Otro,24,False,True,True,5,Angel,90267.66,217623.58,197831.73,4218.95,194394.09,58.14,939,2.95,-61,10,IoT,Python,PostgreSQL,Google Cloud,858,7781,1.72,7.83,201.45,9267.84,114.96,50953.36,14,41031520.77,Serie A,4117347.97,22.03,https://conecta-crece.com/pitch/258,https://youtube.com/watch?v=pitch258,Idea
259,Camilo Guevara Gamboa,rguerra@example.org,+57 609 847 42 17,Bucaramanga,Cundinamarca,Edtech,True,3993,435191.93,2025-02-03,Medio,32,Otro,24,True,False,False,2,VC,200260.66,671363.99,98592.83,334182.13,156962.74,58.84,879,14.45,8,12,Web,Java,Firebase,AWS,4632,6400,1.32,4.89,326.1,8942.89,290.93,9050.02,25,48143546.61,Serie B,4417999.73,16.46,https://conecta-crece.com/pitch/259,https://youtube.com/watch?v=pitch259,Idea
260,Eliecer Cruz,erikacortes@example.com,608 204 91 47,Cali,Antioquia,Healthtech,False,8455,981844.92,2023-10-14,Alto,26,M,21,True,False,False,3,Angel,83502.04,533825.31,60585.98,197570.44,366531.08,55.16,3084,28.91,55,14,IoT,Rust,MongoDB,Google Cloud,2664,9667,28.7,5.55,312.56,4097.36,-25.29,85942.96,13,11662045.08,Pre-semilla,2522197.83,21.98,https://conecta-crece.com/pitch/260,https://youtube.com/watch?v=pitch260,Producto
261,Francisco José Ramírez,ggutierrez@example.com,3243933229,Bucaramanga,Antioquia,Fintech,True,6342,761109.73,2023-03-12,Alto,48,M,2,False,True,True,5,Bootstrapped,132458.54,262025.48,126258.81,15700.27,70287.64,17.54,3682,11.95,63,15,Móvil,Java,Firebase,DigitalOcean,2353,3714,6.83,2.85,408.78,8105.85,55.76,60300.25,9,10256626.55,Semilla,4471790.51,13.99,https://conecta-crece.com/pitch/261,https://youtube.com/watch?v=pitch261,Escalando
262,Ángel Aurelio Angulo González,tcamargo@example.org,(+57) 602 533 57 60,Bogotá,Valle del Cauca,Edtech,False,3165,570453.55,2023-04-19,Alto,35,Otro,16,False,False,True,0,Gobierno,128253.52,263282.76,14173.52,39993.76,313129.03,30.88,966,15.46,-87,24,Web,JavaScript,MongoDB,Azure,3208,11542,11.38,13.15,87.35,2951.88,243.93,27932.85,36,46597271.59,Serie A,2026137.31,6.42,https://conecta-crece.com/pitch/262,https://youtube.com/watch?v=pitch262,Idea
263,Blanca Yadira Vallejo Niño,jorge29@example.net,(+57) 326 400 76 32,Cali,Cundinamarca,Fintech,False,6954,584858.65,2025-03-14,Alto,38,M,11,True,True,True,4,VC,277252.28,464335.29,175654.04,118572.98,29906.43,76.36,4997,21.39,95,5,IA,Python,Firebase,AWS,4527,7864,28.45,4.42,30.45,452.44,229.18,66782.01,30,23931870.23,Semilla,156144.15,6.38,https://conecta-crece.com/pitch/263,https://youtube.com/watch?v=pitch263,MVP
264,María Silvia González,torresjuan@example.com,(+57) 324 158 72 30,Barranquilla,Cundinamarca,E-commerce,False,904,536514.93,2024-08-29,Alto,46,F,23,True,False,False,4,Angel,34674.96,82594.79,123130.64,451872.09,141234.21,34.02,474,7.91,-77,3,Móvil,Go,MySQL,AWS,2057,13333,2.65,1.32,224.89,2897.7,122.77,62229.52,18,49904631.57,Semilla,3050313.03,16.97,https://conecta-crece.com/pitch/264,https://youtube.com/watch?v=pitch264,Idea
265,Beatriz Olga Rodríguez,galarcon@example.com,3059430841,Bogotá,Valle del Cauca,E-commerce,True,8158,658307.33,2024-05-13,Alto,44,M,15,False,False,False,5,Angel,158053.26,187274.67,139554.34,252219.26,22355.82,73.03,3983,9.11,-48,11,IoT,JavaScript,MongoDB,Google Cloud,1015,6121,22.02,11.93,27.58,2427.54,192.15,77598.24,10,1162353.55,Pre-semilla,1387977.93,19.71,https://conecta-crece.com/pitch/265,https://youtube.com/watch?v=pitch265,Producto
266,Wilber José Hurtado Gómez,tgallego@example.net,+57 608 567 33 72,Bogotá,Cundinamarca,Healthtech,False,8165,828042.96,2023-03-24,Alto,23,F,13,False,True,True,1,Gobierno,55328.04,301759.48,10451.93,153268.89,216986.43,34.35,212,27.39,93,24,IA,Rust,PostgreSQL,AWS,2803,11911,25.05,6.79,219.5,7319.34,354.48,10426.27,9,27709378.7,Serie A,4299644.76,28.45,https://conecta-crece.com/pitch/266,https://youtube.com/watch?v=pitch266,Escalando
267,Valentina Marín Medina,rodriguezangel@example.net,+573073892553,Bucaramanga,Valle del Cauca,Edtech,False,7706,426715.85,2025-09-14,Medio,37,M,1,False,False,True,1,Crowdfunding,88747.48,399757.84,7721.24,137860.67,108083.94,27.54,4980,1.36,-22,23,IA,JavaScript,Firebase,DigitalOcean,151,7227,1.26,1.04,185.77,6413.66,256.13,43818.03,8,13894638.99,Serie A,4768801.77,16.01,https://conecta-crece.com/pitch/267,https://youtube.com/watch?v=pitch267,Producto
268,César González,luz37@example.net,57 609 633 65 16,Cali,Valle del Cauca,IA,False,2134,767146.95,2025-04-03,Alto,36,Otro,6,True,True,True,0,Bootstrapped,55276.65,354703.43,88061.78,159349.88,221720.36,25.96,2122,29.28,-96,25,IoT,Python,PostgreSQL,Azure,904,1289,15.7,2.14,47.95,2120.01,263.7,83768.1,29,3662519.39,Serie B,4385473.03,8.58,https://conecta-crece.com/pitch/268,https://youtube.com/watch?v=pitch268,Producto
269,Felipe Hernández,azucena22@example.net,608 815 93 76,Cali,Valle del Cauca,Agrotech,False,7761,608931.91,2024-04-22,Alto,40,Otro,1,True,False,True,2,Angel,273561.8,17874.7,121807.63,404209.07,204709.82,64.66,4163,23.72,82,25,Móvil,Go,MySQL,Google Cloud,3131,12514,29.94,1.64,47.88,9361.63,73.52,52832.11,29,26994472.46,Pre-semilla,4245595.65,18.19,https://conecta-crece.com/pitch/269,https://youtube.com/watch?v=pitch269,Idea
270,Andrea Delgado Hernández,manuel36@example.com,3189627568,Bucaramanga,Atlántico,Healthtech,False,3245,609066.5,2023-03-29,Alto,40,M,11,True,False,True,3,VC,224456.48,80791.84,48209.3,366666.37,352186.53,35.33,2883,17.25,-81,26,Blockchain,Rust,PostgreSQL,DigitalOcean,3441,3784,17.51,12.49,71.39,5422.4,377.05,43723.66,11,30316728.65,Serie A,1740780.42,7.95,https://conecta-crece.com/pitch/270,https://youtube.com/watch?v=pitch270,Escalando
271,Martha Fuentes Núñez,usandoval@example.com,3149301269,Medellín,Atlántico,SaaS,True,2997,423917.48,2025-07-05,Medio,51,M,6,True,False,False,4,Gobierno,222856.2,88478.57,6815.13,216278.51,276266.59,79.3,1084,15.93,35,27,Blockchain,Java,PostgreSQL,DigitalOcean,4572,3975,21.65,2.23,449.74,8993.7,275.31,63579.81,5,3780251.89,Serie A,4752099.33,27.77,https://conecta-crece.com/pitch/271,https://youtube.com/watch?v=pitch271,Escalando
272,Manuel Ospina,jhoana32@example.org,+57 603 788 43 52,Barranquilla,Valle del Cauca,IA,False,2255,741993.99,2023-06-13,Alto,33,Otro,25,True,True,True,4,Crowdfunding,110962.17,454583.33,75874.92,219854.93,203859.94,51.17,793,7.74,26,24,Web,Rust,Firebase,Azure,2654,6312,10.24,3.09,80.17,8158.47,354.04,98974.51,16,21583828.85,Serie A,2896932.22,20.39,https://conecta-crece.com/pitch/272,https://youtube.com/watch?v=pitch272,Idea
273,Cristian Edgar García,morenoesteban@example.org,(+57)3219838020,Medellín,Cundinamarca,Healthtech,False,8023,350608.89,2024-03-04,Medio,50,M,6,False,False,True,1,VC,42300.94,144790.18,167758.0,377677.5,11718.17,73.18,4422,16.6,-51,3,Blockchain,Python,MongoDB,Google Cloud,2318,9377,13.37,6.95,71.83,4593.11,454.9,73043.84,10,22275812.65,Serie B,2491614.97,7.17,https://conecta-crece.com/pitch/273,https://youtube.com/watch?v=pitch273,MVP
274,Maribel Myriam Prieto,frodriguez@example.com,312 497 18 90,Bucaramanga,Cundinamarca,Healthtech,True,3694,993111.86,2025-06-10,Alto,26,F,6,False,False,False,5,Crowdfunding,201624.44,51861.95,137587.51,446243.98,16112.05,17.03,4270,10.21,42,5,Web,JavaScript,PostgreSQL,DigitalOcean,1813,11052,6.67,7.32,247.41,1952.34,223.2,17520.23,8,47546554.64,Semilla,65828.67,6.68,https://conecta-crece.com/pitch/274,https://youtube.com/watch?v=pitch274,MVP
275,José Zapata Sánchez,hugo41@example.net,+57 303 887 69 64,Bogotá,Atlántico,SaaS,False,6280,711440.56,2025-06-21,Alto,37,Otro,12,False,True,False,1,VC,200392.74,343155.38,126005.5,299323.21,217730.6,30.68,1793,4.26,93,21,Blockchain,Go,MongoDB,Google Cloud,3490,1917,6.11,14.37,333.7,3541.03,168.95,17165.5,33,42022029.33,Serie B,3025241.02,22.18,https://conecta-crece.com/pitch/275,https://youtube.com/watch?v=pitch275,Idea
276,Mary Molina,mariagutierrez@example.org,+57 603 986 25 06,Cartagena,Antioquia,IA,False,1046,294475.58,2024-07-14,Medio,42,F,22,False,False,False,3,Gobierno,119603.85,638658.11,53663.45,364365.24,136464.75,67.3,2527,13.98,-44,13,IoT,JavaScript,MySQL,Azure,1068,9931,16.65,14.28,20.35,3853.96,379.24,36662.37,25,38365418.32,Pre-semilla,3291911.34,17.97,https://conecta-crece.com/pitch/276,https://youtube.com/watch?v=pitch276,Producto
277,Elvira Alejandra Arias Chávez,reinaldocardenas@example.net,573184127340,Medellín,Atlántico,IA,True,4804,537795.3,2024-08-22,Alto,32,F,11,False,True,True,0,Bootstrapped,253644.59,528585.27,105311.08,251248.16,316704.31,12.96,2319,9.74,-42,18,Web,Java,MySQL,DigitalOcean,3292,2169,24.73,13.21,432.37,857.62,227.48,71831.48,29,1105693.49,Semilla,523005.54,19.7,https://conecta-crece.com/pitch/277,https://youtube.com/watch?v=pitch277,Escalando
278,Yuliana Obando Alzate,elkin99@example.com,57 605 363 70 64,Cartagena,Valle del Cauca,IA,False,7015,198312.66,2024-12-12,Medio,54,Otro,1,False,False,False,1,Bootstrapped,79280.99,459235.5,94280.07,146328.09,37950.51,77.68,4595,9.08,-28,35,Móvil,Go,MySQL,DigitalOcean,3234,6126,23.12,10.86,231.61,5821.01,-36.31,78264.55,31,18554099.16,Pre-semilla,3231951.9,13.31,https://conecta-crece.com/pitch/278,https://youtube.com/watch?v=pitch278,Idea
279,Cecilia Rentería,humberto77@example.org,3197173885,Medellín,Antioquia,IA,False,9772,99912.09,2023-05-30,Bajo,37,M,5,False,False,True,0,Gobierno,75607.15,218018.47,67573.7,76155.38,129120.04,49.57,3330,26.27,-32,16,IoT,Go,Firebase,Azure,1941,5292,14.38,7.5,281.86,7422.88,353.19,92516.89,30,34992852.64,Serie B,680048.29,5.34,https://conecta-crece.com/pitch/279,https://youtube.com/watch?v=pitch279,Idea
280,Julián Miguel Acosta Acevedo,uzuluaga@example.org,305 990 85 67,Barranquilla,Cundinamarca,Fintech,False,8163,170365.99,2025-08-17,Medio,32,Otro,17,False,True,False,3,Bootstrapped,89025.31,304835.58,58844.73,461063.14,270931.92,46.57,3044,17.35,-58,12,IA,Rust,PostgreSQL,Azure,4264,9924,8.29,7.21,468.74,9278.09,346.07,85977.64,11,8295486.73,Serie B,98614.87,15.41,https://conecta-crece.com/pitch/280,https://youtube.com/watch?v=pitch280,MVP
281,Diego Sánchez Guerrero,renteriaangelica@example.net,+57 606 876 88 41,Bogotá,Valle del Cauca,SaaS,True,3314,473140.97,2024-04-03,Medio,28,Otro,15,False,True,True,4,Gobierno,178336.34,46740.4,127268.71,441788.25,138507.01,10.99,1578,8.96,9,22,IA,Rust,Firebase,Azure,4606,8884,19.61,3.44,300.39,1119.47,69.04,21940.9,9,6422533.98,Serie B,1684292.94,24.3,https://conecta-crece.com/pitch/281,https://youtube.com/watch?v=pitch281,Producto
282,Mateo Andrés Torres Beltrán,oherrera@example.com,3237071203,Bucaramanga,Atlántico,Edtech,True,93,966825.59,2024-10-12,Alto,36,M,3,True,True,True,3,Bootstrapped,97001.36,627167.34,10437.84,256340.93,176323.86,56.54,2679,9.77,94,10,Móvil,Rust,Firebase,DigitalOcean,3168,11591,14.76,5.02,265.77,5353.79,435.81,85008.17,13,47279947.65,Serie A,3571171.01,26.0,https://conecta-crece.com/pitch/282,https://youtube.com/watch?v=pitch282,Escalando
283,Diego Romero Sánchez,glopez@example.org,310 099 92 72,Cali,Cundinamarca,E-commerce,False,5754,492643.04,2023-11-09,Medio,33,M,12,False,False,False,1,Crowdfunding,167938.21,698530.08,187881.43,191846.25,72259.04,62.33,87,6.68,-8,36,Móvil,Python,MongoDB,Azure,780,14946,11.7,4.18,461.57,6107.07,-31.56,31120.38,33,19974870.71,Serie A,1407160.46,6.43,https://conecta-crece.com/pitch/283,https://youtube.com/watch?v=pitch283,Idea
284,Ronald Díaz Ávila,velasquezjose@example.org,6049411330,Barranquilla,Atlántico,Agrotech,True,7806,863869.4,2024-09-06,Alto,28,M,12,True,True,True,1,Bootstrapped,125871.77,592062.19,11209.6,319101.6,25680.33,16.82,4457,9.05,-51,4,IA,Java,PostgreSQL,Azure,4239,252,28.28,6.35,420.48,6729.45,-14.27,83379.52,35,7460945.92,Serie A,465645.07,16.08,https://conecta-crece.com/pitch/284,https://youtube.com/watch?v=pitch284,Producto
285,Juan Juan Rodríguez Alfonso,norma71@example.com,3251169383,Bucaramanga,Atlántico,Edtech,True,5148,610486.38,2024-08-23,Alto,39,Otro,12,True,False,False,4,Bootstrapped,169856.79,324103.76,23252.34,46190.3,292036.51,23.0,4842,19.17,-95,13,Web,JavaScript,MongoDB,DigitalOcean,675,14392,22.0,4.08,420.28,6458.94,445.81,23153.18,11,15593304.4,Serie B,3544274.12,9.45,https://conecta-crece.com/pitch/285,https://youtube.com/watch?v=pitch285,MVP
286,Andrea Jiménez Páez,edith01@example.com,(+57) 607 924 59 42,Barranquilla,Antioquia,IA,True,4519,567214.76,2024-06-09,Alto,34,M,10,False,False,False,0,Gobierno,106545.93,254529.24,154474.11,261998.32,331936.43,58.09,1396,2.07,49,27,Móvil,Rust,PostgreSQL,DigitalOcean,2851,10604,24.52,12.05,111.65,7026.57,227.07,83836.48,20,4628799.27,Semilla,1328158.56,16.69,https://conecta-crece.com/pitch/286,https://youtube.com/watch?v=pitch286,Idea
287,Nubia Olaya,maria76@example.com,(+57)3212307346,Cartagena,Antioquia,Agrotech,True,7705,922309.78,2024-07-13,Alto,42,F,19,False,True,False,5,Bootstrapped,188841.62,608530.37,1579.66,211282.47,134417.22,55.35,820,6.43,-9,22,Móvil,Go,PostgreSQL,AWS,3606,13278,18.88,9.11,350.3,7336.45,210.46,28140.93,26,30087001.87,Serie B,3408851.42,12.5,https://conecta-crece.com/pitch/287,https://youtube.com/watch?v=pitch287,MVP
288,Gustavo Fernández Contreras,rodrigo24@example.com,306 230 05 93,Cartagena,Cundinamarca,Agrotech,False,4463,764357.13,2023-09-05,Alto,47,Otro,1,True,True,False,4,Crowdfunding,59538.64,680699.43,150370.02,65815.52,133792.33,77.19,740,9.97,96,12,IA,Go,Firebase,Google Cloud,3783,33,20.1,3.41,94.31,3144.51,51.53,86487.41,30,4599328.04,Semilla,812982.79,18.88,https://conecta-crece.com/pitch/288,https://youtube.com/watch?v=pitch288,Producto
289,Liliana Castro Velasco,dariogarcia@example.com,576037394643,Medellín,Valle del Cauca,Fintech,False,9058,9920.06,2023-12-08,Bajo,47,Otro,7,False,False,False,5,Angel,228916.85,67077.4,25700.48,381759.1,54103.69,64.13,2319,24.77,86,30,IoT,Go,MySQL,Azure,4010,10995,22.47,9.0,118.63,6124.37,372.31,40067.59,24,25122650.98,Pre-semilla,3072304.29,23.79,https://conecta-crece.com/pitch/289,https://youtube.com/watch?v=pitch289,Idea
290,Jhon Gustavo Castillo,pereacarlos@example.com,+573078060749,Medellín,Atlántico,Edtech,True,3510,647349.38,2024-12-26,Alto,41,F,3,False,False,True,3,Angel,85489.24,270770.86,164255.0,18378.5,383438.29,39.52,1339,12.55,32,9,Blockchain,Python,MongoDB,AWS,3323,13185,24.4,2.83,73.08,5119.01,327.46,6100.92,28,21180607.67,Pre-semilla,1549624.84,11.47,https://conecta-crece.com/pitch/290,https://youtube.com/watch?v=pitch290,Idea
291,Smith Bolaños Montes,fcruz@example.net,3129220843,Barranquilla,Valle del Cauca,IA,False,5539,605617.87,2024-09-23,Alto,45,M,6,False,False,True,1,Bootstrapped,101134.71,653923.95,118030.6,99608.91,325283.78,60.93,3727,13.61,18,21,Web,Python,Firebase,DigitalOcean,3017,840,26.79,10.45,133.64,3440.87,112.88,82821.09,20,9018536.2,Serie A,2114448.16,16.17,https://conecta-crece.com/pitch/291,https://youtube.com/watch?v=pitch291,Producto
292,Antonio José Correa,yreyes@example.org,+573156253002,Cartagena,Cundinamarca,Healthtech,True,8754,637802.79,2023-02-12,Alto,47,M,6,True,True,True,5,Angel,189876.01,301770.38,54939.25,485954.53,275845.59,27.09,4288,17.5,-90,7,IA,Java,MySQL,Google Cloud,838,6277,15.87,11.02,175.51,6403.74,116.09,43070.26,14,47522908.14,Serie A,3621890.09,23.57,https://conecta-crece.com/pitch/292,https://youtube.com/watch?v=pitch292,Idea
293,Luis Mauricio Mena Espinosa,herreraluis@example.net,328 648 38 97,Barranquilla,Cundinamarca,IA,True,9403,837669.05,2025-09-08,Alto,38,F,20,True,True,False,4,Gobierno,64562.78,654834.79,54957.35,344742.78,74936.82,45.11,374,18.53,-54,21,IA,Python,Firebase,Google Cloud,163,12833,13.02,2.38,140.86,6030.89,486.74,35225.14,17,11318756.09,Serie A,1144235.68,20.28,https://conecta-crece.com/pitch/293,https://youtube.com/watch?v=pitch293,Escalando
294,Jesús Jesús Moreno,gladyszambrano@example.com,+57 316 760 55 78,Bucaramanga,Valle del Cauca,E-commerce,False,7842,589974.59,2025-01-24,Alto,22,F,11,False,False,False,1,Gobierno,256306.8,349282.25,106448.07,85836.69,156512.45,38.21,4680,29.06,61,34,IoT,Java,MySQL,Google Cloud,4348,6068,9.82,11.39,231.23,4727.06,35.75,60569.0,25,28288132.6,Serie B,4979337.91,5.59,https://conecta-crece.com/pitch/294,https://youtube.com/watch?v=pitch294,Producto
295,Dayana Vásquez Morales,nelson18@example.net,573131415902,Barranquilla,Antioquia,Agrotech,True,6250,558657.29,2024-03-22,Alto,29,M,13,True,True,True,4,VC,53586.73,111382.26,155504.94,367495.89,160925.71,38.6,1783,13.13,53,20,IA,Java,MySQL,Azure,4124,8795,16.44,3.76,207.94,7592.6,107.46,92832.28,13,46203136.81,Semilla,2030269.08,5.08,https://conecta-crece.com/pitch/295,https://youtube.com/watch?v=pitch295,Producto
296,Helena Flórez Sánchez,antonio27@example.com,+57 323 909 91 54,Bucaramanga,Antioquia,SaaS,True,6330,764120.23,2023-10-06,Alto,48,F,14,True,True,True,1,Crowdfunding,185976.09,699236.92,119913.63,366341.85,378239.22,32.75,2047,5.83,60,33,Web,Java,MySQL,DigitalOcean,4532,8397,26.04,12.83,89.08,3753.74,431.06,21645.04,15,16203937.67,Serie A,370823.48,5.77,https://conecta-crece.com/pitch/296,https://youtube.com/watch?v=pitch296,Escalando
297,José Toro Cortés,ipena@example.com,+573175502185,Bucaramanga,Atlántico,Edtech,True,7609,461896.96,2024-02-26,Medio,54,Otro,4,False,True,True,3,Bootstrapped,2064.99,22625.8,135374.48,433664.29,398217.39,70.35,576,23.71,-34,10,IoT,Rust,MySQL,DigitalOcean,3948,13581,22.05,4.75,205.21,8240.93,372.82,39520.46,35,31500483.01,Serie B,2171513.26,8.1,https://conecta-crece.com/pitch/297,https://youtube.com/watch?v=pitch297,MVP
298,Magda Hernández Hurtado,emanrique@example.org,701 92 17,Cartagena,Cundinamarca,SaaS,True,6054,847835.03,2025-06-23,Alto,48,Otro,11,True,True,False,1,VC,29137.71,449424.9,14813.91,449698.46,197037.51,27.13,2129,10.93,76,31,IA,Go,MongoDB,Azure,4879,605,23.08,2.65,151.33,2288.11,153.97,39458.8,21,15402470.25,Semilla,2859817.65,12.62,https://conecta-crece.com/pitch/298,https://youtube.com/watch?v=pitch298,Escalando
299,Liliana Mireya Carrillo,vgalvis@example.org,(+57) 302 550 79 41,Medellín,Antioquia,Edtech,False,6345,674912.32,2023-09-29,Alto,38,Otro,8,True,True,False,1,Crowdfunding,3620.01,254913.26,101718.31,435246.05,207113.73,43.39,1395,29.2,64,12,IoT,Rust,MongoDB,Azure,3106,14198,27.86,9.9,436.68,4872.32,216.2,41087.87,7,17184113.06,Serie A,1071824.84,8.75,https://conecta-crece.com/pitch/299,https://youtube.com/watch?v=pitch299,Idea
300,Maicol Pineda,franciscobernal@example.org,+573053483908,Cali,Atlántico,Agrotech,True,8637,651746.68,2023-12-15,Alto,36,Otro,7,False,True,False,5,Bootstrapped,285608.48,355191.55,54294.71,480866.43,338764.96,47.64,650,29.14,-86,31,IoT,Rust,PostgreSQL,Google Cloud,2107,13082,22.44,10.5,328.9,2526.36,329.3,48326.27,5,48970936.77,Serie A,2782279.49,7.28,https://conecta-crece.com/pitch/300,https://youtube.com/watch?v=pitch300,MVP
301,Jesús Osorio Domínguez,maria28@example.net,+57 322 631 49 00,Bogotá,Antioquia,E-commerce,False,1047,734670.57,2024-08-21,Alto,35,M,8,False,False,True,4,Bootstrapped,95657.5,443733.99,39285.17,59086.79,34087.77,23.82,4443,18.09,53,34,IA,Rust,MySQL,DigitalOcean,923,11816,26.71,11.77,105.45,8077.08,287.93,48344.17,3,12662214.11,Serie B,3026703.03,17.32,https://conecta-crece.com/pitch/301,https://youtube.com/watch?v=pitch301,MVP
302,Sebastián John Pinzón Escobar,rodriguezangela@example.net,(+57)3129993534,Barranquilla,Valle del Cauca,SaaS,False,4378,331996.2,2025-09-05,Medio,37,F,9,False,False,True,1,Gobierno,1955.19,625357.04,101909.59,248398.18,72175.03,63.23,2495,3.74,13,24,IoT,JavaScript,PostgreSQL,AWS,1908,3513,9.91,4.93,385.55,4771.57,326.61,93117.39,16,28593320.48,Semilla,1652638.87,9.8,https://conecta-crece.com/pitch/302,https://youtube.com/watch?v=pitch302,Escalando
303,Arley Buitrago,monicarivera@example.net,57 319 335 01 15,Medellín,Antioquia,Healthtech,False,9802,786882.07,2023-11-02,Alto,48,Otro,9,True,False,False,2,VC,43495.96,233605.52,70786.71,372861.75,180323.38,39.77,3223,23.12,-99,28,Web,Go,MongoDB,Google Cloud,3752,12587,8.95,12.37,109.08,6654.34,90.76,84092.41,4,16160105.19,Serie B,1662141.41,19.0,https://conecta-crece.com/pitch/303,https://youtube.com/watch?v=pitch303,MVP
304,Andrés Sepúlveda Ríos,alberto13@example.com,01 8002 128 316,Cartagena,Atlántico,IA,False,1800,798487.24,2023-10-27,Alto,26,M,6,False,False,False,0,Gobierno,206340.29,636221.14,97408.27,140791.16,242996.57,36.25,830,2.63,-13,20,IoT,Java,Firebase,Azure,919,7750,4.89,11.37,169.03,7774.9,177.58,19418.4,12,29531435.03,Semilla,2831090.11,15.96,https://conecta-crece.com/pitch/304,https://youtube.com/watch?v=pitch304,Producto
305,Rafael Brayan Jaramillo Castro,xcarvajal@example.org,301 887 68 52,Bucaramanga,Valle del Cauca,E-commerce,False,408,574869.5,2025-04-05,Alto,30,M,23,False,False,False,5,Angel,55242.01,327828.48,92160.74,167173.04,271325.39,59.28,2091,18.5,-95,11,Web,Go,Firebase,DigitalOcean,3994,13096,2.39,8.16,457.36,5171.39,-41.09,46534.66,5,47993434.13,Serie A,3961180.64,17.3,https://conecta-crece.com/pitch/305,https://youtube.com/watch?v=pitch305,Producto
306,Alberto Jesús Vásquez Ruiz,valenciaaugusto@example.net,(+57)3006948610,Bucaramanga,Cundinamarca,E-commerce,True,9197,636201.97,2025-04-15,Alto,29,Otro,6,True,False,True,0,Gobierno,245326.73,326000.62,177871.16,497180.49,61560.36,33.13,1488,19.79,-14,32,IoT,Go,MySQL,DigitalOcean,4718,4833,1.18,12.51,19.25,2329.78,184.93,29591.03,17,29260386.44,Serie A,2685203.16,21.34,https://conecta-crece.com/pitch/306,https://youtube.com/watch?v=pitch306,MVP
307,Blanca Gil Valencia,gomezamparo@example.com,573188116588,Cartagena,Valle del Cauca,SaaS,True,3144,771078.19,2025-02-14,Alto,31,M,10,True,True,True,4,Crowdfunding,283348.42,27616.81,25464.71,174911.28,28451.34,70.94,1885,20.09,-49,22,Móvil,Go,MongoDB,Google Cloud,1789,12674,11.3,2.49,450.45,4452.45,408.79,40635.82,31,43389886.11,Semilla,1933062.0,16.17,https://conecta-crece.com/pitch/307,https://youtube.com/watch?v=pitch307,Escalando
308,Omar David Moreno,alfredogomez@example.net,(+57) 603 571 30 36,Barranquilla,Cundinamarca,Fintech,True,8351,202644.54,2024-08-05,Medio,55,M,6,True,True,False,5,Crowdfunding,107517.11,696750.29,83025.57,105953.4,37043.76,45.48,3915,8.4,-72,32,Web,Python,Firebase,DigitalOcean,3289,14069,3.9,5.73,161.89,746.53,470.27,66940.17,17,49985357.55,Pre-semilla,3269641.59,25.25,https://conecta-crece.com/pitch/308,https://youtube.com/watch?v=pitch308,Escalando
309,Ángela Andrea Díaz Vargas,mauriciopena@example.com,576068796220,Cali,Valle del Cauca,Fintech,True,4129,20770.78,2024-07-03,Bajo,33,Otro,1,True,True,True,5,Gobierno,228686.35,42827.02,160476.05,433306.19,264652.11,36.02,3398,24.87,7,14,Móvil,Rust,PostgreSQL,Google Cloud,3000,14422,27.82,11.91,24.69,2120.36,172.01,40452.49,19,31133487.12,Pre-semilla,3927181.05,13.29,https://conecta-crece.com/pitch/309,https://youtube.com/watch?v=pitch309,Escalando
310,José Gómez,maria55@example.org,(+57)6052509066,Medellín,Atlántico,Fintech,False,9855,39051.66,2024-06-10,Bajo,55,M,6,True,True,False,1,Bootstrapped,125964.86,46428.01,193746.08,232752.23,166498.68,72.87,3607,4.9,54,3,IA,Go,Firebase,Azure,1060,5310,20.03,5.8,310.67,7191.52,212.78,76128.3,15,6379065.53,Semilla,4036965.03,8.56,https://conecta-crece.com/pitch/310,https://youtube.com/watch?v=pitch310,Idea
311,Amanda María González,nalvarez@example.com,+57 329 942 01 39,Bucaramanga,Atlántico,Healthtech,True,4142,744469.31,2023-05-12,Alto,36,F,6,False,False,False,5,Crowdfunding,155975.08,404016.98,176716.57,380186.92,53377.47,39.54,1189,17.8,-92,27,Web,JavaScript,PostgreSQL,AWS,1181,10417,1.99,12.02,89.32,3293.07,264.65,50965.26,25,9468638.45,Serie B,2287915.36,10.37,https://conecta-crece.com/pitch/311,https://youtube.com/watch?v=pitch311,Producto
312,María Becerra,victorrojas@example.org,576037276496,Bogotá,Valle del Cauca,SaaS,False,5575,548150.03,2022-11-16,Alto,33,F,11,False,False,True,5,VC,228980.8,184004.34,156390.85,213830.74,10945.26,48.03,774,7.59,17,10,Web,Rust,MongoDB,Google Cloud,2857,5050,14.12,8.52,470.38,9666.3,484.42,22348.18,35,9824411.36,Semilla,3890761.24,9.97,https://conecta-crece.com/pitch/312,https://youtube.com/watch?v=pitch312,Producto
313,Iván Nieto,osvaldoalvarez@example.net,(+57) 314 673 93 54,Medellín,Cundinamarca,IA,False,8888,527946.82,2025-08-01,Alto,36,Otro,17,True,False,True,0,Angel,190472.2,601258.57,45251.5,465393.79,286661.52,47.86,4994,13.3,-49,20,Web,Go,MongoDB,DigitalOcean,4284,6921,26.92,7.29,76.7,9387.62,-49.81,28876.28,22,10516864.5,Pre-semilla,343150.02,15.26,https://conecta-crece.com/pitch/313,https://youtube.com/watch?v=pitch313,MVP
314,Luis Arrieta Ariza,kgonzales@example.org,482 89 78,Medellín,Antioquia,Agrotech,True,6915,483527.46,2025-02-08,Medio,47,Otro,7,True,False,True,1,VC,42132.1,281008.37,145195.79,293378.93,269189.07,24.41,1166,20.49,94,23,Web,Python,MongoDB,AWS,4912,7738,7.73,6.85,412.9,5458.47,285.52,19599.28,24,43774250.33,Pre-semilla,1938433.47,27.28,https://conecta-crece.com/pitch/314,https://youtube.com/watch?v=pitch314,Idea
315,Andrés Edier Páez Cardona,monsalverosa@example.com,573266883708,Barranquilla,Antioquia,SaaS,False,4819,628763.85,2025-03-06,Alto,36,Otro,4,True,False,True,5,Gobierno,251012.74,674271.09,84334.82,319391.89,346174.76,29.61,2259,27.24,63,35,IA,Go,MongoDB,Azure,690,231,3.93,12.19,128.94,5000.26,275.1,68234.71,9,49865396.65,Serie B,2825320.26,25.94,https://conecta-crece.com/pitch/315,https://youtube.com/watch?v=pitch315,Escalando
316,Alberto Martínez Puentes,paula61@example.net,3073281098,Bucaramanga,Atlántico,Fintech,True,9722,608594.69,2023-12-27,Alto,28,Otro,4,True,True,False,4,Crowdfunding,126548.8,275621.57,148861.96,174304.92,315424.03,69.66,4696,26.04,-91,28,Blockchain,Python,PostgreSQL,Google Cloud,207,10350,28.43,1.93,461.13,8038.76,350.98,85695.86,19,17993587.74,Serie A,1794273.33,29.14,https://conecta-crece.com/pitch/316,https://youtube.com/watch?v=pitch316,Producto
317,Martha Ordóñez Moreno,valenciajanneth@example.net,326 754 77 61,Bogotá,Valle del Cauca,Agrotech,False,2681,448776.95,2023-07-04,Medio,35,Otro,25,False,False,False,1,Gobierno,256993.91,233634.29,123280.55,370189.8,334625.27,25.93,2505,3.94,84,8,Blockchain,Java,Firebase,Google Cloud,3145,3332,8.68,10.76,181.79,8078.39,442.68,76703.23,13,16205712.89,Pre-semilla,989459.28,12.76,https://conecta-crece.com/pitch/317,https://youtube.com/watch?v=pitch317,Producto
318,Zulma Angulo,maria48@example.com,+57 309 562 08 80,Cartagena,Antioquia,Agrotech,True,3304,757986.72,2025-02-01,Alto,27,M,23,False,False,True,5,VC,159848.33,277729.72,184251.67,52709.39,382465.12,67.02,2407,18.79,-79,23,Móvil,Go,MySQL,Google Cloud,4499,2559,20.36,4.47,252.3,8349.15,490.79,28308.42,17,22073759.5,Semilla,769614.65,12.42,https://conecta-crece.com/pitch/318,https://youtube.com/watch?v=pitch318,Idea
319,Yaneth Martínez,pablo02@example.com,(+57) 300 788 39 21,Barranquilla,Atlántico,Agrotech,True,6805,858243.69,2024-11-03,Alto,33,Otro,19,False,False,False,5,VC,241027.83,184490.14,74045.7,450126.38,374819.33,32.41,2925,3.23,77,11,IA,JavaScript,PostgreSQL,AWS,4167,11625,14.8,5.05,405.55,6080.51,346.06,73168.63,17,23317793.14,Pre-semilla,2328182.41,15.95,https://conecta-crece.com/pitch/319,https://youtube.com/watch?v=pitch319,Escalando
320,Leonardo Alfonso,antoniorodriguez@example.net,(+57)3249502419,Medellín,Cundinamarca,E-commerce,False,9208,69334.47,2024-02-20,Bajo,25,F,16,True,True,False,0,VC,170926.09,663145.79,145552.1,357092.48,196731.28,59.3,1092,29.6,-45,31,IA,Rust,MongoDB,Azure,1915,9356,24.15,7.87,209.5,7686.37,489.1,60752.88,3,48547337.26,Pre-semilla,3574962.88,13.96,https://conecta-crece.com/pitch/320,https://youtube.com/watch?v=pitch320,Idea
321,Alberto Alejandro Alarcón,dbetancur@example.org,5570131,Bogotá,Cundinamarca,E-commerce,False,2691,775747.82,2022-11-27,Alto,34,M,20,True,True,True,5,Gobierno,218600.14,232253.08,18832.29,202374.09,280610.7,57.97,3338,12.06,21,11,IA,JavaScript,MySQL,Azure,2919,2926,21.51,13.25,254.84,1927.21,170.79,26530.82,8,17052036.51,Pre-semilla,2643143.01,5.51,https://conecta-crece.com/pitch/321,https://youtube.com/watch?v=pitch321,Idea
322,Jorge Barrera Mora,alexander47@example.com,+573226534352,Bogotá,Valle del Cauca,Fintech,True,78,982100.07,2023-03-31,Alto,55,M,1,False,False,False,0,Crowdfunding,169009.41,601551.04,191142.34,95052.57,248652.26,22.73,1788,29.3,-76,12,IoT,Java,PostgreSQL,DigitalOcean,1464,8332,5.32,12.38,24.87,483.87,245.67,96012.98,10,40379521.25,Serie A,4678410.93,7.69,https://conecta-crece.com/pitch/322,https://youtube.com/watch?v=pitch322,MVP
323,Pedro Enrique Hernández,lady76@example.com,576032999285,Medellín,Cundinamarca,Agrotech,True,9937,592155.8,2023-07-20,Alto,31,Otro,11,False,False,False,0,Crowdfunding,19639.07,172355.52,28276.28,480233.15,196714.65,65.58,340,11.39,22,9,IoT,Python,MongoDB,DigitalOcean,4485,10558,6.83,5.14,229.47,2060.61,469.34,45500.32,30,18915640.71,Serie B,167979.04,7.61,https://conecta-crece.com/pitch/323,https://youtube.com/watch?v=pitch323,Escalando
324,Rodolfo Jesús León Castro,carmen82@example.net,(+57)3044604701,Cali,Atlántico,IA,False,953,611614.92,2025-08-04,Alto,55,M,7,True,False,True,5,VC,221777.12,374004.49,9441.51,152170.02,75945.01,77.49,429,24.89,75,30,IoT,Rust,PostgreSQL,Azure,376,14940,7.22,7.13,101.0,2293.51,126.17,72833.28,34,10416173.38,Pre-semilla,273907.72,14.54,https://conecta-crece.com/pitch/324,https://youtube.com/watch?v=pitch324,Idea
325,Juan Gilberto Beltrán,ines36@example.net,(+57)3126283774,Bogotá,Antioquia,SaaS,False,2950,924690.67,2024-02-11,Alto,46,M,12,False,True,True,1,Crowdfunding,73851.95,467972.96,176388.96,211997.46,228559.46,70.46,2537,6.94,67,20,Blockchain,Python,Firebase,DigitalOcean,3099,4576,25.44,3.25,391.82,2608.91,-44.26,70789.7,5,34830488.14,Serie B,687996.82,22.24,https://conecta-crece.com/pitch/325,https://youtube.com/watch?v=pitch325,Idea
326,Lucía González,linarodriguez@example.com,573074557935,Bogotá,Antioquia,IA,False,1139,639409.07,2025-06-24,Alto,33,Otro,11,True,False,False,2,Crowdfunding,85931.69,598855.67,52299.84,380733.65,158446.57,71.99,1655,28.56,42,34,Móvil,JavaScript,MySQL,DigitalOcean,3932,1811,4.23,1.05,200.15,927.72,331.49,11403.04,30,30804509.26,Serie B,3704814.34,16.05,https://conecta-crece.com/pitch/326,https://youtube.com/watch?v=pitch326,Idea
327,Gabriela Alzate,jhernandez@example.org,+576068755075,Cartagena,Antioquia,IA,True,5258,664562.38,2024-02-15,Alto,24,Otro,1,True,False,False,1,VC,138610.63,631093.97,11285.63,190637.14,378771.06,45.39,1845,6.33,-51,24,Blockchain,Python,Firebase,AWS,2023,9877,16.33,8.57,80.25,9645.35,-18.81,70052.47,29,25950560.99,Pre-semilla,3112001.81,9.25,https://conecta-crece.com/pitch/327,https://youtube.com/watch?v=pitch327,Producto
328,Lucía Erazo Velasco,manuelroa@example.com,+573194784651,Medellín,Cundinamarca,SaaS,True,146,373520.29,2025-01-21,Medio,46,M,19,True,False,True,1,Bootstrapped,169091.63,51746.81,129772.53,455494.92,374934.61,55.14,2313,20.88,-1,31,Móvil,Go,MongoDB,Azure,3737,7870,27.66,2.72,272.86,3665.34,29.42,65523.86,14,48155680.46,Serie B,4995745.38,27.05,https://conecta-crece.com/pitch/328,https://youtube.com/watch?v=pitch328,Producto
329,Michel Johana Sepúlveda,manuelmunoz@example.com,(+57) 603 176 27 45,Barranquilla,Valle del Cauca,Edtech,True,7585,741305.55,2025-06-15,Alto,48,Otro,18,True,False,True,5,VC,62430.28,284054.65,176724.36,230830.19,181362.87,76.67,3797,11.54,-17,28,Móvil,Rust,PostgreSQL,Google Cloud,1787,11695,6.54,3.32,438.07,6627.33,290.38,90533.66,29,18803350.26,Serie A,1106892.73,8.53,https://conecta-crece.com/pitch/329,https://youtube.com/watch?v=pitch329,Idea
330,Jhoan Camilo Salazar,palacioscarmen@example.com,57 603 157 88 63,Barranquilla,Valle del Cauca,IA,False,883,545114.56,2025-06-03,Alto,34,M,11,True,False,False,1,Gobierno,7150.62,144517.3,113478.58,86998.05,393466.12,57.64,1276,19.6,47,15,Móvil,Go,MongoDB,DigitalOcean,2022,14241,22.42,11.56,248.48,6142.54,369.87,55405.87,5,33841851.48,Pre-semilla,474462.79,5.22,https://conecta-crece.com/pitch/330,https://youtube.com/watch?v=pitch330,Idea
331,Aurora Luisa Zuluaga,maria47@example.com,+57 604 914 96 04,Bogotá,Valle del Cauca,Healthtech,True,2517,334851.09,2024-11-24,Medio,35,F,3,False,False,False,3,VC,211080.97,202818.73,20299.9,281381.89,360406.17,20.64,3401,4.43,58,29,Móvil,Rust,Firebase,Azure,2053,1877,20.25,2.63,228.0,7581.17,24.58,41190.17,27,23896314.25,Pre-semilla,2951568.09,29.69,https://conecta-crece.com/pitch/331,https://youtube.com/watch?v=pitch331,Producto
332,Alba Carmen Padilla,jose28@example.com,01 8002 596 706,Cartagena,Antioquia,Agrotech,True,8107,931287.47,2023-07-10,Alto,44,F,3,False,True,True,1,Crowdfunding,90031.36,275531.03,29897.2,496455.5,316554.24,56.82,2627,9.48,-79,25,IoT,Go,MySQL,DigitalOcean,1394,6003,25.69,3.28,147.32,5252.27,453.76,51512.86,13,2695352.39,Semilla,3517548.68,11.58,https://conecta-crece.com/pitch/332,https://youtube.com/watch?v=pitch332,Escalando
333,Cristina Patricia Domínguez,andresgutierrez@example.com,(+57) 321 535 99 09,Cali,Atlántico,SaaS,True,5504,340830.24,2023-03-31,Medio,24,M,20,True,True,False,3,Angel,271360.45,266011.85,7196.63,336280.05,278984.95,33.49,4199,25.76,100,30,Blockchain,Java,PostgreSQL,Azure,2152,9070,6.59,4.58,50.82,4553.75,319.49,81520.14,23,43087808.94,Pre-semilla,163886.92,8.21,https://conecta-crece.com/pitch/333,https://youtube.com/watch?v=pitch333,Idea
334,Johanna Yamile Escobar Gómez,arizaoctavio@example.org,+57 306 457 34 36,Medellín,Valle del Cauca,Fintech,True,9420,246746.22,2024-01-24,Medio,37,M,3,True,True,False,4,Bootstrapped,46873.14,438288.46,174269.88,230920.74,349461.85,65.03,866,18.76,-86,11,Móvil,Python,PostgreSQL,AWS,760,82,13.56,10.44,113.01,7198.09,162.8,64417.92,15,23854601.07,Semilla,3555776.25,17.38,https://conecta-crece.com/pitch/334,https://youtube.com/watch?v=pitch334,MVP
335,Francisco Mena Arias,lgarcia@example.net,+576048389563,Bucaramanga,Cundinamarca,Agrotech,True,8366,471864.4,2024-09-08,Medio,22,M,6,True,False,True,4,Crowdfunding,291817.11,489976.91,140573.62,38814.1,75469.58,32.5,1865,5.71,62,21,IoT,Go,MongoDB,Google Cloud,3504,4131,24.91,11.16,269.97,6582.94,482.48,28908.48,13,3326201.54,Pre-semilla,2494919.09,27.57,https://conecta-crece.com/pitch/335,https://youtube.com/watch?v=pitch335,Idea
336,Henry Vargas Martínez,antoniomosquera@example.org,+573090884498,Barranquilla,Cundinamarca,SaaS,False,246,621746.16,2025-10-23,Alto,27,F,19,False,True,False,5,VC,135236.09,519534.85,96089.76,250347.77,305554.26,31.94,1558,7.62,-57,5,IA,Go,Firebase,DigitalOcean,2667,13065,25.55,14.6,237.18,9000.99,198.7,18497.87,27,21037898.45,Pre-semilla,4373140.71,24.71,https://conecta-crece.com/pitch/336,https://youtube.com/watch?v=pitch336,Escalando
337,Mónica Montoya Rojas,renepolo@example.net,(+57)3168295173,Bucaramanga,Antioquia,Agrotech,False,278,989813.32,2022-12-13,Alto,49,Otro,6,True,True,True,0,Bootstrapped,117387.49,104929.88,67463.04,11818.66,157378.97,31.25,4500,9.05,-52,34,IoT,Go,Firebase,DigitalOcean,1319,8004,29.1,1.37,481.11,762.37,127.81,50286.52,21,7159741.98,Serie B,4027929.13,15.41,https://conecta-crece.com/pitch/337,https://youtube.com/watch?v=pitch337,Idea
338,Cecilia Diana Muñoz,dsanchez@example.org,573080643124,Bucaramanga,Antioquia,Healthtech,False,7078,957072.43,2023-05-01,Alto,29,Otro,5,False,False,False,5,Angel,110870.26,679301.49,12625.0,224092.03,167266.63,24.66,2672,20.96,-20,33,IA,Rust,MongoDB,Azure,1602,14796,4.69,5.17,320.01,9714.24,75.91,61319.3,18,40684762.54,Semilla,2468510.2,16.74,https://conecta-crece.com/pitch/338,https://youtube.com/watch?v=pitch338,Idea
339,Yohana Diana Serrano Mosquera,angelica27@example.com,573251845555,Bogotá,Atlántico,IA,True,5319,316892.75,2023-03-28,Medio,27,Otro,16,False,False,True,3,Gobierno,233229.97,553897.11,55242.07,72398.6,339230.89,14.13,2020,7.48,-100,23,IA,Rust,Firebase,Google Cloud,2244,5263,15.06,5.06,442.77,2080.58,395.9,22878.53,10,14851416.8,Pre-semilla,3690699.66,9.87,https://conecta-crece.com/pitch/339,https://youtube.com/watch?v=pitch339,Producto
340,Silvia Flórez,julio49@example.com,3255161106,Barranquilla,Atlántico,SaaS,True,4935,251985.34,2023-01-10,Medio,38,M,5,False,True,True,5,Gobierno,23612.9,325457.64,181961.32,74659.76,250655.24,48.87,4864,13.88,-20,9,IA,Go,MongoDB,Google Cloud,4978,7447,9.26,9.0,168.17,267.87,-21.17,36021.11,33,18504217.53,Serie A,4167431.49,14.38,https://conecta-crece.com/pitch/340,https://youtube.com/watch?v=pitch340,Idea
341,Diana Cárdenas Montoya,sergio32@example.org,573025489420,Bucaramanga,Valle del Cauca,Agrotech,True,5401,630745.89,2023-07-31,Alto,24,Otro,10,False,True,True,5,Angel,149002.98,648864.11,27982.29,52024.36,66021.99,59.97,752,22.89,-9,24,Web,Go,MongoDB,AWS,4044,6582,16.81,8.11,324.49,4020.3,35.24,83170.37,16,22480057.48,Pre-semilla,3825682.16,26.72,https://conecta-crece.com/pitch/341,https://youtube.com/watch?v=pitch341,MVP
342,Tania Uribe,salgadogloria@example.net,57 603 975 88 60,Bucaramanga,Cundinamarca,Fintech,True,7892,243069.05,2025-01-01,Medio,24,M,8,True,True,True,4,VC,96885.08,529174.15,134052.6,10608.61,306402.24,44.46,3399,16.95,-90,15,IoT,Python,PostgreSQL,Google Cloud,4783,8072,1.21,10.68,294.98,3744.37,444.22,20597.02,16,7697567.02,Pre-semilla,4580243.28,23.61,https://conecta-crece.com/pitch/342,https://youtube.com/watch?v=pitch342,Producto
343,Maritza Paulina Aguirre,cristinamora@example.org,+573019614172,Cali,Atlántico,Edtech,True,4248,269318.49,2025-07-05,Medio,43,M,11,False,False,True,5,VC,135494.93,311880.41,193546.95,336251.34,308190.65,24.32,923,2.21,-73,16,Móvil,Rust,MongoDB,Google Cloud,4869,13419,9.8,7.22,327.44,2375.12,439.61,85138.4,16,25603859.23,Serie A,111183.66,25.74,https://conecta-crece.com/pitch/343,https://youtube.com/watch?v=pitch343,Producto
344,Reinaldo Caicedo,yairportilla@example.org,+576037219641,Bucaramanga,Atlántico,SaaS,False,7551,210320.94,2023-12-11,Medio,47,Otro,25,True,False,False,4,Crowdfunding,85602.74,690746.84,171471.81,125010.7,246855.03,71.91,255,18.96,-98,20,Web,Java,Firebase,DigitalOcean,4663,2633,3.82,5.84,326.43,9712.31,358.02,40417.99,20,20932602.8,Pre-semilla,1522476.14,5.87,https://conecta-crece.com/pitch/344,https://youtube.com/watch?v=pitch344,Idea
345,Olga Milena Hoyos Barrera,ldelgado@example.net,(+57) 301 182 05 70,Cali,Atlántico,IA,True,2021,305539.86,2023-12-24,Medio,23,F,6,True,True,True,5,Angel,136573.37,620508.0,138983.72,137294.14,9805.53,49.43,518,22.21,-61,16,Web,Go,Firebase,AWS,314,8169,13.54,7.25,95.76,231.36,443.57,67377.95,20,35524097.06,Serie B,1053358.23,11.68,https://conecta-crece.com/pitch/345,https://youtube.com/watch?v=pitch345,Producto
346,Patricia Milena Arias,ovidiomeneses@example.org,(+57) 314 786 71 28,Medellín,Antioquia,SaaS,False,81,963373.66,2025-10-09,Alto,24,Otro,14,False,True,True,2,VC,26524.8,257108.01,164142.84,272750.78,149808.37,73.13,4513,16.68,-18,25,Blockchain,JavaScript,Firebase,Azure,3839,5712,23.25,2.64,339.6,8905.35,321.64,43743.45,30,4413633.42,Serie A,4429623.11,13.32,https://conecta-crece.com/pitch/346,https://youtube.com/watch?v=pitch346,Producto
347,Brayan Murcia,castrillonmarcela@example.org,(+57) 601 491 08 63,Barranquilla,Antioquia,Fintech,False,8346,647236.82,2025-02-04,Alto,31,Otro,11,True,True,True,5,Gobierno,24523.02,293283.25,22375.99,251190.44,17557.79,17.27,33,8.39,40,13,Móvil,Java,Firebase,AWS,2676,12010,25.26,5.91,469.09,5278.9,400.65,25811.79,25,37516333.12,Pre-semilla,1167783.34,21.1,https://conecta-crece.com/pitch/347,https://youtube.com/watch?v=pitch347,MVP
348,Yuliana Jiménez Herrera,pradamaria@example.com,+57 308 711 01 61,Medellín,Cundinamarca,IA,True,8163,835177.53,2025-02-03,Alto,31,M,23,False,True,False,2,Angel,162590.06,67611.06,162898.87,12729.3,13214.1,18.48,1521,25.0,74,7,Web,Java,Firebase,AWS,3466,5877,20.19,0.65,302.8,3497.38,156.2,33859.73,33,31797458.09,Pre-semilla,3411631.24,29.43,https://conecta-crece.com/pitch/348,https://youtube.com/watch?v=pitch348,Escalando
349,Martha Heidy Miranda Cárdenas,castanocatalina@example.com,57 312 076 64 62,Bogotá,Valle del Cauca,SaaS,False,6337,323033.69,2024-02-15,Medio,28,F,23,False,False,True,3,Bootstrapped,288830.48,531334.63,17365.72,126826.03,37545.9,27.18,770,14.19,91,24,Móvil,Rust,Firebase,AWS,2654,5095,17.03,10.71,231.09,6175.8,2.22,69963.26,4,46783355.38,Serie B,392043.06,9.53,https://conecta-crece.com/pitch/349,https://youtube.com/watch?v=pitch349,Producto
350,Yulieth Guzmán Arango,zapatajose@example.net,+57 601 319 55 93,Barranquilla,Cundinamarca,Healthtech,True,8516,698645.39,2024-05-24,Alto,53,M,15,False,True,True,2,Crowdfunding,99424.68,76772.2,30959.24,418849.84,80289.93,44.04,46,12.23,90,14,Blockchain,Python,MongoDB,Google Cloud,1840,5591,26.1,8.96,251.74,7166.9,394.63,95063.91,10,5166732.26,Semilla,703395.08,29.47,https://conecta-crece.com/pitch/350,https://youtube.com/watch?v=pitch350,Idea
351,Miguel Francisco García,blanca48@example.org,3123212906,Cali,Atlántico,Fintech,False,8954,440906.81,2024-07-16,Medio,28,F,16,True,False,False,4,Gobierno,20081.56,61070.07,175556.21,332686.45,190270.51,45.5,1992,27.29,-65,10,Web,JavaScript,MySQL,Google Cloud,1619,7328,20.14,8.42,283.11,4831.01,483.98,67344.96,29,5880906.36,Pre-semilla,1199629.05,8.68,https://conecta-crece.com/pitch/351,https://youtube.com/watch?v=pitch351,MVP
352,Luis Gilberto Bedoya Medina,camiloortiz@example.com,593 81 79,Barranquilla,Cundinamarca,Healthtech,True,8409,747908.94,2023-04-28,Alto,22,M,17,False,True,False,1,VC,276219.5,602409.98,160245.06,95144.84,190324.01,43.51,811,6.0,41,7,Móvil,JavaScript,PostgreSQL,AWS,3923,8431,29.71,1.55,90.72,6306.72,177.43,64434.23,17,41415984.44,Serie B,345381.43,15.8,https://conecta-crece.com/pitch/352,https://youtube.com/watch?v=pitch352,Producto
353,Ignacio Elías Guevara,molinanancy@example.com,(+57) 303 730 30 71,Bogotá,Antioquia,SaaS,False,6452,781728.84,2023-01-20,Alto,50,Otro,8,True,False,False,5,Angel,72402.18,364880.94,99426.7,38452.65,240248.86,39.21,4601,3.46,98,12,Web,Java,MongoDB,DigitalOcean,2310,7630,19.85,14.81,177.33,8379.61,282.91,92336.05,33,25620854.02,Serie B,3799217.65,25.99,https://conecta-crece.com/pitch/353,https://youtube.com/watch?v=pitch353,MVP
354,Andrés Sandoval Jiménez,williammartinez@example.com,3161033509,Bogotá,Atlántico,Healthtech,True,4172,471981.46,2023-02-17,Medio,39,F,10,True,False,False,1,Crowdfunding,57379.97,680638.48,38369.31,168164.24,270699.17,29.5,4896,13.29,68,15,IoT,JavaScript,MongoDB,Google Cloud,2971,11695,16.74,5.16,401.04,5859.32,45.38,73836.31,21,31965908.43,Semilla,3010749.66,20.84,https://conecta-crece.com/pitch/354,https://youtube.com/watch?v=pitch354,Producto
355,Eliecer Ospina,antonio45@example.net,310 612 21 70,Bucaramanga,Atlántico,Healthtech,True,6466,187162.44,2023-08-06,Medio,52,Otro,9,False,False,True,2,Crowdfunding,21615.07,87100.49,75312.4,275791.03,157717.92,14.66,2087,27.91,16,20,IoT,Rust,Firebase,Google Cloud,2186,855,29.47,9.61,249.88,1169.98,190.44,34748.49,11,9137125.93,Serie A,3812615.88,29.85,https://conecta-crece.com/pitch/355,https://youtube.com/watch?v=pitch355,Idea
356,Diego Garzón,camilo06@example.net,(+57) 602 573 88 06,Cali,Cundinamarca,E-commerce,False,2137,847938.84,2023-07-24,Alto,28,Otro,22,False,True,True,5,Crowdfunding,17963.97,78002.43,195367.25,360066.41,114247.89,26.85,1805,18.93,46,20,IoT,Java,PostgreSQL,Google Cloud,198,9091,17.94,11.55,94.2,9667.36,160.8,56462.57,4,47728218.56,Pre-semilla,2877639.36,20.35,https://conecta-crece.com/pitch/356,https://youtube.com/watch?v=pitch356,Producto
357,Juan Ospina González,fanny82@example.com,(+57)3026335212,Bogotá,Cundinamarca,Edtech,False,3670,810502.58,2023-01-28,Alto,37,F,20,True,True,True,2,Bootstrapped,950.51,469813.12,87038.66,430586.73,339956.15,41.23,1902,3.91,-80,29,Blockchain,Go,PostgreSQL,DigitalOcean,3124,397,16.7,4.44,442.09,4966.05,384.27,54773.86,23,1133718.75,Serie B,4199183.82,20.16,https://conecta-crece.com/pitch/357,https://youtube.com/watch?v=pitch357,Producto
358,Sandra Marcela Mosquera,srodriguez@example.org,(+57)3227673855,Bogotá,Atlántico,Edtech,False,3443,148793.16,2025-10-21,Medio,35,F,12,False,False,True,5,VC,269535.78,265610.84,175546.11,480366.88,274847.68,49.43,529,14.12,-95,27,IoT,Java,MongoDB,DigitalOcean,177,8063,13.65,6.96,217.83,4429.89,141.53,30566.56,19,23978684.47,Semilla,1134727.03,19.64,https://conecta-crece.com/pitch/358,https://youtube.com/watch?v=pitch358,MVP
359,Gustavo Sánchez,henrycastillo@example.net,+573003922590,Barranquilla,Valle del Cauca,Fintech,True,1524,846673.03,2023-04-05,Alto,32,M,20,True,False,True,4,VC,135930.25,205206.97,171700.05,139978.22,366452.38,26.04,2552,5.83,-83,17,Web,Rust,MySQL,Google Cloud,2371,8997,14.64,6.64,92.28,270.1,478.74,62250.26,7,3462366.94,Pre-semilla,1381768.44,24.58,https://conecta-crece.com/pitch/359,https://youtube.com/watch?v=pitch359,Idea
360,Edwin Jhon Bolívar Pérez,lozanohernando@example.org,322 082 50 61,Cartagena,Valle del Cauca,SaaS,True,2552,780164.02,2023-01-06,Alto,33,M,1,False,True,False,4,Bootstrapped,150273.93,626386.73,78761.14,84333.63,188051.5,69.26,1981,25.99,-6,20,Blockchain,JavaScript,Firebase,Google Cloud,910,11708,8.2,9.78,379.71,764.03,157.58,5054.47,32,26491763.3,Serie B,3403750.8,14.88,https://conecta-crece.com/pitch/360,https://youtube.com/watch?v=pitch360,Escalando
361,Nelcy Carolina Jaramillo,ghernandez@example.org,2972281,Barranquilla,Valle del Cauca,IA,False,4169,889348.73,2024-11-19,Alto,55,F,6,False,True,True,1,Bootstrapped,179939.47,257250.89,59688.44,302593.48,165435.27,36.32,3060,1.69,24,15,Web,JavaScript,Firebase,Google Cloud,3695,14195,18.12,11.5,78.52,7958.23,168.0,18519.96,17,45192817.42,Serie A,2459540.38,16.66,https://conecta-crece.com/pitch/361,https://youtube.com/watch?v=pitch361,Escalando
362,David Calderón Gómez,tgonzalez@example.org,57 317 400 40 07,Medellín,Atlántico,Edtech,False,891,374709.29,2023-01-28,Medio,37,M,21,True,False,False,0,VC,139526.83,270589.79,130686.4,217257.78,239616.0,34.83,4198,17.0,-90,33,Web,Java,MongoDB,Google Cloud,2552,8322,5.81,14.89,81.51,7139.94,98.28,7344.93,16,31570657.93,Serie A,169492.24,15.09,https://conecta-crece.com/pitch/362,https://youtube.com/watch?v=pitch362,Escalando
363,Luz Murillo Giraldo,juan09@example.net,312 116 23 20,Cali,Valle del Cauca,Healthtech,True,8520,350191.12,2023-03-04,Medio,29,F,25,False,False,True,5,Crowdfunding,218599.33,396445.4,13457.84,484096.6,373232.67,36.45,3603,22.21,62,20,Móvil,JavaScript,PostgreSQL,AWS,3154,4538,12.44,1.11,158.43,9540.24,56.97,59083.01,29,39993636.21,Semilla,2163211.89,19.2,https://conecta-crece.com/pitch/363,https://youtube.com/watch?v=pitch363,MVP
364,Eduardo Cifuentes,tmoreno@example.com,(+57) 311 734 47 25,Bogotá,Antioquia,IA,True,4400,5564.15,2025-10-28,Bajo,52,M,8,False,True,False,0,Bootstrapped,200825.14,568182.84,68547.43,364233.03,149348.86,42.82,2114,17.73,40,24,IA,Rust,PostgreSQL,Azure,4874,12771,27.0,3.78,20.89,4885.62,130.48,53339.33,34,48640781.12,Serie B,303868.52,19.79,https://conecta-crece.com/pitch/364,https://youtube.com/watch?v=pitch364,Producto
365,Leidy Patricia Martínez,joserodriguez@example.com,57 318 927 06 91,Medellín,Antioquia,IA,True,4125,110964.32,2023-04-21,Medio,51,M,4,False,False,False,3,Crowdfunding,99363.94,56790.44,32489.1,241105.66,371421.21,14.64,2571,27.86,-86,30,Blockchain,Go,PostgreSQL,DigitalOcean,3886,521,10.68,5.87,160.92,4916.55,498.79,93144.37,28,29462318.87,Serie B,2179022.88,10.88,https://conecta-crece.com/pitch/365,https://youtube.com/watch?v=pitch365,MVP
366,Alberto Fernando Acosta,jorge63@example.net,326 220 87 70,Medellín,Valle del Cauca,Edtech,False,9773,612519.86,2025-09-08,Alto,46,M,4,True,True,True,1,Crowdfunding,128562.79,627606.92,186874.85,397001.1,279195.5,20.63,420,1.06,-55,5,Móvil,Java,MongoDB,Azure,4695,1453,2.17,13.45,171.77,485.53,270.57,98877.54,3,41089346.07,Semilla,3958236.28,27.43,https://conecta-crece.com/pitch/366,https://youtube.com/watch?v=pitch366,Escalando
367,Enrique Pardo Uribe,wdominguez@example.net,573224355159,Cartagena,Valle del Cauca,E-commerce,True,4710,112000.78,2025-02-19,Medio,30,M,15,False,True,True,3,Crowdfunding,67137.57,198587.92,78678.7,169990.15,65792.36,43.09,3706,11.4,30,22,IA,Go,Firebase,Google Cloud,2543,10935,10.47,3.99,82.87,1636.67,-6.3,60829.89,10,7469230.53,Serie B,674243.23,23.07,https://conecta-crece.com/pitch/367,https://youtube.com/watch?v=pitch367,Producto
368,Lilia Martínez,jjaramillo@example.org,3240282272,Bucaramanga,Valle del Cauca,E-commerce,True,7940,771514.87,2023-04-19,Alto,49,F,4,False,True,False,5,Bootstrapped,109262.8,273556.0,69017.13,25407.18,336575.64,66.25,3191,6.41,27,32,Blockchain,Java,Firebase,Google Cloud,2688,12230,29.03,6.62,164.25,9163.38,261.61,71486.25,3,43471790.51,Semilla,4773733.38,15.4,https://conecta-crece.com/pitch/368,https://youtube.com/watch?v=pitch368,Escalando
369,Alexander Rafael Hoyos González,duvan43@example.org,+57 608 212 06 36,Cali,Antioquia,Fintech,True,3982,876143.35,2023-10-14,Alto,54,Otro,16,False,True,True,3,Bootstrapped,231257.98,442076.57,142273.04,400304.1,149711.14,10.19,3955,23.38,28,15,Móvil,JavaScript,MongoDB,Azure,4358,6421,26.8,14.91,310.11,6161.02,189.22,95232.61,5,22802129.77,Serie A,2717021.65,23.89,https://conecta-crece.com/pitch/369,https://youtube.com/watch?v=pitch369,Idea
370,Tatiana Contreras,pariza@example.org,57 310 151 31 21,Bogotá,Atlántico,E-commerce,True,7824,288063.24,2023-07-07,Medio,48,F,20,True,False,True,3,VC,90084.75,456438.29,7742.09,115506.99,361828.67,27.79,2173,1.12,-42,5,Móvil,Go,PostgreSQL,DigitalOcean,28,7065,2.39,1.6,403.61,5399.05,444.72,94292.11,4,25137416.77,Serie A,3856059.26,21.58,https://conecta-crece.com/pitch/370,https://youtube.com/watch?v=pitch370,Escalando
371,Gloria Gómez,fabioleal@example.org,573284092459,Medellín,Valle del Cauca,IA,True,3897,988924.05,2024-01-17,Alto,46,Otro,24,False,True,True,0,Gobierno,23903.07,452790.09,189315.71,11324.76,52647.09,62.46,2115,5.9,-26,19,Blockchain,JavaScript,Firebase,Google Cloud,1352,5941,3.83,14.01,161.65,5468.96,251.77,11516.03,12,43673735.88,Pre-semilla,4770248.37,6.65,https://conecta-crece.com/pitch/371,https://youtube.com/watch?v=pitch371,Producto
372,Jhon Gómez,mariaochoa@example.com,573126705033,Bogotá,Atlántico,Healthtech,True,8249,965317.96,2025-06-09,Alto,51,Otro,4,False,False,True,2,Bootstrapped,105972.05,271516.48,37860.03,472525.42,290345.85,73.76,707,29.77,-59,12,IA,JavaScript,PostgreSQL,DigitalOcean,2888,508,10.87,6.14,380.81,1125.34,231.83,82121.9,16,8459398.35,Serie B,3878643.73,23.69,https://conecta-crece.com/pitch/372,https://youtube.com/watch?v=pitch372,Idea
373,Esther Pulido,diana64@example.net,+57 302 650 42 18,Bucaramanga,Antioquia,IA,False,9183,976256.58,2023-05-09,Alto,51,F,11,False,True,True,0,Gobierno,56424.16,399657.51,3424.27,332625.54,149516.93,33.71,60,29.12,18,8,Móvil,Python,MySQL,Google Cloud,3888,8119,17.05,8.5,383.18,1285.56,395.96,79683.89,23,12377274.99,Serie B,1502584.02,26.47,https://conecta-crece.com/pitch/373,https://youtube.com/watch?v=pitch373,Idea
374,Rodolfo Carlos Vásquez Rivera,flor88@example.com,(+57)3139480133,Bucaramanga,Antioquia,SaaS,False,6269,939353.37,2024-01-11,Alto,31,F,11,False,True,False,0,Gobierno,92515.54,209874.09,4546.45,490645.68,131639.33,59.83,1125,28.01,54,9,IA,Python,MySQL,Azure,2744,5235,26.76,3.15,114.03,8023.68,77.34,31268.92,8,40597697.38,Serie A,4536281.1,21.45,https://conecta-crece.com/pitch/374,https://youtube.com/watch?v=pitch374,Idea
375,Ibeth Álvarez Palacios,pmartinez@example.com,576066059712,Bogotá,Valle del Cauca,Agrotech,True,5510,895849.18,2024-12-20,Alto,39,Otro,2,True,True,True,4,Bootstrapped,32048.61,333883.96,93844.62,181202.97,217152.19,28.5,4840,28.25,-37,8,IA,JavaScript,PostgreSQL,AWS,147,7725,7.33,10.77,92.99,9577.19,425.1,53420.02,29,363795.85,Serie A,2904619.23,23.25,https://conecta-crece.com/pitch/375,https://youtube.com/watch?v=pitch375,MVP
376,María María Castro Rodríguez,gilbertovega@example.com,(+57) 302 000 62 65,Medellín,Cundinamarca,Agrotech,True,6414,495189.54,2025-10-12,Medio,34,Otro,10,False,True,False,4,Gobierno,273223.87,201363.93,49806.14,428213.85,50559.8,39.42,4958,15.43,-71,28,IoT,JavaScript,MongoDB,Google Cloud,4733,3040,24.62,8.91,483.92,2562.92,341.09,26931.29,18,37269519.37,Pre-semilla,3436137.43,8.32,https://conecta-crece.com/pitch/376,https://youtube.com/watch?v=pitch376,MVP
377,Andrés Angarita Rengifo,mejiafabio@example.com,(+57) 604 251 40 46,Bogotá,Cundinamarca,SaaS,True,1864,280166.33,2023-07-19,Medio,22,F,4,False,True,False,1,Angel,217294.26,549918.24,173760.23,163230.69,164921.83,56.17,2253,13.86,-49,12,Móvil,Go,MongoDB,Google Cloud,1998,8046,15.18,4.47,33.98,130.27,204.97,10833.44,6,37441383.35,Serie A,1059007.4,7.76,https://conecta-crece.com/pitch/377,https://youtube.com/watch?v=pitch377,Producto
378,Fanny García,fgomez@example.org,3243865793,Cali,Antioquia,Agrotech,True,7803,144994.37,2025-05-14,Medio,55,M,19,False,False,False,5,Angel,134802.92,481901.63,55123.11,238940.78,156725.48,21.23,1806,13.71,-66,4,Móvil,Go,Firebase,Google Cloud,4529,8370,19.61,2.6,141.16,3771.26,90.15,14389.29,36,39993120.73,Serie B,150482.83,19.18,https://conecta-crece.com/pitch/378,https://youtube.com/watch?v=pitch378,Idea
379,Andrés Luis Sarmiento,orjuelacarolina@example.net,(+57) 317 139 37 99,Cali,Valle del Cauca,IA,True,9158,245019.64,2024-11-04,Medio,55,M,21,False,True,True,0,VC,230547.94,538780.57,83945.23,171306.83,192822.89,23.12,2509,21.91,8,19,IA,Rust,PostgreSQL,DigitalOcean,4938,9280,17.36,1.89,241.21,2043.06,84.69,9351.33,24,17908344.61,Semilla,2685805.63,17.33,https://conecta-crece.com/pitch/379,https://youtube.com/watch?v=pitch379,Escalando
380,Ana Valentina Méndez,santiagocastro@example.net,603 629 83 85,Bogotá,Cundinamarca,Fintech,True,3839,957714.29,2023-05-10,Alto,48,M,7,False,False,True,0,Crowdfunding,132384.35,95004.87,147604.89,110016.76,39464.99,27.95,4812,12.87,-29,31,Móvil,Python,MongoDB,Google Cloud,983,1552,24.36,11.97,273.08,6328.16,368.5,9196.2,20,27099649.56,Pre-semilla,4634829.67,17.24,https://conecta-crece.com/pitch/380,https://youtube.com/watch?v=pitch380,MVP
381,Luis Torres López,lpinto@example.net,(+57) 325 302 59 81,Cali,Cundinamarca,Fintech,True,9481,796743.68,2025-04-19,Alto,39,M,14,False,False,False,4,Angel,8069.81,68257.83,125441.29,11659.34,110682.97,22.04,1285,7.79,-89,14,Móvil,JavaScript,PostgreSQL,Google Cloud,2426,7570,2.78,7.02,313.14,411.76,349.16,73785.88,26,31393815.25,Serie A,4181994.66,15.8,https://conecta-crece.com/pitch/381,https://youtube.com/watch?v=pitch381,Idea
382,Carolina Rojas,kortiz@example.org,304 792 01 77,Medellín,Atlántico,Agrotech,True,2857,834451.57,2023-06-13,Alto,45,M,18,True,False,True,0,Angel,63535.55,107617.79,21687.94,115399.31,325189.74,28.63,4261,21.7,73,36,IoT,Rust,MongoDB,DigitalOcean,1299,13598,29.92,8.23,287.97,9540.82,183.69,63040.13,31,14030851.87,Serie A,3051092.49,28.16,https://conecta-crece.com/pitch/382,https://youtube.com/watch?v=pitch382,Idea
383,Gloria Vargas,javier30@example.net,+57 307 392 13 49,Cali,Atlántico,IA,False,1541,200288.3,2024-04-29,Medio,29,Otro,5,True,True,True,4,Gobierno,118382.12,454758.7,142489.79,408535.47,21890.41,22.59,1898,24.17,-39,6,IoT,Rust,MySQL,Google Cloud,4425,9068,3.42,8.11,55.83,2685.29,251.9,83670.46,5,21443263.27,Semilla,741576.52,24.75,https://conecta-crece.com/pitch/383,https://youtube.com/watch?v=pitch383,Idea
384,Carolina Yolanda Molina,yanethvargas@example.net,(+57)3232566300,Cartagena,Atlántico,Fintech,False,9007,520365.29,2023-05-27,Alto,27,Otro,25,False,False,True,5,VC,297825.57,236377.04,6621.22,6753.28,11706.87,56.54,198,26.02,85,4,Web,Java,PostgreSQL,AWS,686,11291,6.52,14.32,58.15,7858.13,246.47,40296.25,4,35989347.85,Serie A,1598577.93,21.8,https://conecta-crece.com/pitch/384,https://youtube.com/watch?v=pitch384,Producto
385,Eduardo Carlos Escobar,igutierrez@example.net,01 8003 514 046,Cali,Antioquia,Fintech,True,9886,753766.69,2025-07-06,Alto,52,F,16,True,True,True,2,Crowdfunding,186496.49,29721.88,75889.05,21151.2,174328.22,11.84,4908,2.42,69,19,Móvil,Go,MongoDB,Azure,736,5942,21.99,4.49,83.48,3839.44,17.62,44232.38,20,25632960.33,Serie A,1879353.17,6.22,https://conecta-crece.com/pitch/385,https://youtube.com/watch?v=pitch385,Producto
386,Luz Álvarez Cardona,mauricio90@example.org,2581701,Cartagena,Atlántico,SaaS,True,9102,822470.32,2023-06-30,Alto,24,Otro,16,True,False,True,1,Gobierno,180630.76,429946.16,92004.73,178183.46,399497.42,64.07,4307,6.36,-84,6,IA,Python,MySQL,DigitalOcean,2081,13698,16.33,13.41,458.47,7411.21,93.88,74662.07,14,27419135.71,Serie B,2517313.76,28.27,https://conecta-crece.com/pitch/386,https://youtube.com/watch?v=pitch386,MVP
387,Ligia Ana Vargas,catherine01@example.net,01 8003 542 283,Medellín,Cundinamarca,Agrotech,False,4018,381197.48,2025-08-31,Medio,31,Otro,3,True,False,False,5,Angel,156517.04,451630.26,133395.79,154440.8,119596.62,11.45,3438,22.94,-67,26,IoT,Go,PostgreSQL,AWS,2546,12771,8.3,7.2,29.98,3962.82,470.0,65005.07,13,17798336.51,Serie A,3800407.13,26.66,https://conecta-crece.com/pitch/387,https://youtube.com/watch?v=pitch387,Idea
388,Fabián David Perdomo,ogonzalez@example.net,018000875892,Medellín,Valle del Cauca,Healthtech,True,4864,190656.14,2025-08-16,Medio,34,Otro,1,True,False,False,2,Gobierno,237628.13,604158.93,102596.03,480025.88,212517.69,74.14,184,23.39,87,9,IA,JavaScript,PostgreSQL,Azure,2726,11906,29.2,7.25,417.56,709.15,328.54,8566.39,6,49656988.71,Serie A,1232144.67,27.91,https://conecta-crece.com/pitch/388,https://youtube.com/watch?v=pitch388,MVP
389,Ángela Guerrero,ggutierrez@example.net,57 307 753 58 38,Cali,Antioquia,IA,False,9669,969883.24,2024-03-14,Alto,42,Otro,4,False,True,True,0,Bootstrapped,28372.47,419898.63,105242.28,360904.61,315119.33,48.11,4968,29.29,-39,8,Móvil,Go,PostgreSQL,Google Cloud,3327,10571,10.37,3.77,442.37,8562.65,347.85,95840.01,35,24883653.35,Serie A,4957538.68,7.38,https://conecta-crece.com/pitch/389,https://youtube.com/watch?v=pitch389,Escalando
390,Fabio Guevara,julianortiz@example.com,57 305 982 76 06,Bucaramanga,Cundinamarca,Fintech,True,3469,780018.78,2023-05-30,Alto,23,M,19,True,False,False,0,Crowdfunding,38372.1,418037.67,184865.3,122948.53,151414.62,43.06,4074,8.65,-28,10,Blockchain,Python,PostgreSQL,DigitalOcean,3023,10010,23.97,2.44,38.39,3181.16,-11.0,16701.5,36,32000494.95,Serie A,588837.88,12.31,https://conecta-crece.com/pitch/390,https://youtube.com/watch?v=pitch390,MVP
391,Leidy Triana,paola82@example.org,6093186986,Barranquilla,Valle del Cauca,IA,True,9660,400017.12,2025-10-06,Medio,30,F,7,True,True,True,4,Crowdfunding,151755.78,51451.09,90258.39,168260.44,167772.98,16.46,298,21.17,87,21,Móvil,Rust,Firebase,AWS,3015,10349,1.62,11.98,126.45,9362.36,185.77,96797.35,5,26015028.76,Pre-semilla,626737.6,8.22,https://conecta-crece.com/pitch/391,https://youtube.com/watch?v=pitch391,Idea
392,Mauricio Alfonso Bravo Ardila,alexanderorjuela@example.org,+57 304 765 73 56,Medellín,Cundinamarca,E-commerce,True,5969,939150.99,2023-12-05,Alto,46,F,20,True,True,False,1,Gobierno,21803.82,658216.47,42570.69,476440.56,307223.78,27.78,2789,11.32,10,35,IoT,JavaScript,Firebase,AWS,3986,10282,25.58,6.65,285.07,9033.94,291.65,98472.39,19,14591001.1,Pre-semilla,623351.41,12.6,https://conecta-crece.com/pitch/392,https://youtube.com/watch?v=pitch392,Idea
393,María Yesenia Gutiérrez Padilla,hgarcia@example.net,+573258805627,Barranquilla,Antioquia,Healthtech,False,3939,794842.31,2023-03-11,Alto,52,Otro,18,True,False,True,1,Angel,193540.67,430155.98,24827.43,52134.89,148728.68,58.38,147,18.56,-88,35,IA,Rust,MySQL,Azure,2350,9425,6.27,0.73,497.73,9919.75,270.59,20732.1,29,38354761.83,Serie B,4354420.96,21.42,https://conecta-crece.com/pitch/393,https://youtube.com/watch?v=pitch393,Escalando
394,Carlos Hernando Cortés,esthermena@example.net,338 35 68,Cartagena,Valle del Cauca,Edtech,False,9540,94206.41,2024-04-13,Bajo,46,Otro,19,True,True,False,4,Bootstrapped,88322.25,540609.65,177467.68,285171.29,317085.58,69.98,1434,26.83,-73,14,Móvil,Java,PostgreSQL,DigitalOcean,3321,9259,17.24,14.09,209.83,7026.81,494.51,49932.87,28,32047949.58,Serie B,3830768.5,29.31,https://conecta-crece.com/pitch/394,https://youtube.com/watch?v=pitch394,Idea
395,Ligia María Vargas Rivas,ocampoefren@example.net,+573195715898,Medellín,Antioquia,Healthtech,True,8569,643726.28,2024-07-03,Alto,36,F,22,False,True,True,5,Crowdfunding,227103.66,585179.87,196187.33,414178.79,358982.52,77.2,965,29.47,77,30,IA,Python,PostgreSQL,DigitalOcean,4847,12522,11.4,10.31,222.73,2733.78,380.98,41331.22,27,17301399.44,Pre-semilla,4621134.03,10.42,https://conecta-crece.com/pitch/395,https://youtube.com/watch?v=pitch395,Escalando
396,Jhonatan Manuel Hurtado,carmenmurillo@example.com,326 783 24 98,Bogotá,Antioquia,IA,True,8709,809698.43,2024-10-09,Alto,42,Otro,11,True,False,True,2,Gobierno,162440.43,168420.56,159256.71,156060.61,204005.28,53.82,332,25.78,-58,33,Móvil,Python,MySQL,DigitalOcean,4928,6420,27.31,6.14,499.24,1256.16,488.81,41782.81,15,3845331.31,Semilla,4080853.07,13.37,https://conecta-crece.com/pitch/396,https://youtube.com/watch?v=pitch396,Idea
397,Vanessa Vergara,gonzalezhernan@example.net,316 895 66 14,Bogotá,Atlántico,E-commerce,True,4625,52676.57,2023-03-12,Bajo,27,F,21,True,False,True,3,Gobierno,232096.3,604028.95,104361.54,436048.49,379809.95,54.95,1176,2.46,-6,17,IA,Java,MySQL,DigitalOcean,3619,7273,18.37,6.17,38.51,9435.02,436.99,73972.02,29,33602531.92,Semilla,1755524.89,18.89,https://conecta-crece.com/pitch/397,https://youtube.com/watch?v=pitch397,Idea
398,Valentina García,zardila@example.com,320 743 46 25,Barranquilla,Atlántico,Agrotech,True,2687,747133.7,2024-07-21,Alto,26,F,1,False,False,True,1,Angel,60799.93,162479.17,187448.34,477142.43,126228.7,60.04,1402,6.88,2,9,Blockchain,Rust,MySQL,DigitalOcean,97,3377,25.64,13.54,90.49,1106.4,281.61,5044.12,10,11021666.4,Serie B,1227966.26,17.83,https://conecta-crece.com/pitch/398,https://youtube.com/watch?v=pitch398,Producto
399,Alfredo Rubén Ruiz,gabrielaavila@example.net,573024261361,Barranquilla,Valle del Cauca,Agrotech,True,3169,136694.49,2023-08-10,Medio,35,F,3,False,False,False,4,Bootstrapped,217795.99,118085.51,115761.3,24845.03,345757.83,30.58,352,29.22,-76,30,IA,Java,MySQL,Google Cloud,3710,3376,20.78,12.56,205.2,5388.4,460.23,90979.07,34,33397090.19,Semilla,4580094.12,6.88,https://conecta-crece.com/pitch/399,https://youtube.com/watch?v=pitch399,MVP
400,Alberto Javier Suárez Herrera,hugo41@example.org,318 928 13 45,Barranquilla,Antioquia,Fintech,True,4327,640867.15,2023-09-09,Alto,55,F,6,False,False,False,1,Gobierno,259975.06,162140.16,164508.82,122271.67,46702.2,46.07,4452,20.76,-19,29,Web,Java,PostgreSQL,DigitalOcean,197,8094,23.78,9.03,362.4,4344.02,324.41,99474.43,32,23968230.48,Pre-semilla,2043163.74,28.45,https://conecta-crece.com/pitch/400,https://youtube.com/watch?v=pitch400,MVP
401,Deyanira Maldonado Espinosa,mariagamboa@example.net,+573245179145,Cartagena,Antioquia,IA,True,6031,900810.95,2023-06-28,Alto,22,F,18,True,True,True,1,Angel,188752.48,229523.42,31843.43,496083.25,271755.85,56.17,121,23.54,38,31,Web,Java,Firebase,Google Cloud,606,8586,19.89,14.09,45.65,5749.12,130.07,42803.39,32,37772654.45,Pre-semilla,2809755.75,18.36,https://conecta-crece.com/pitch/401,https://youtube.com/watch?v=pitch401,Producto
402,Gloria Patricia Sierra Delgado,valenciadaniela@example.net,3215819906,Cartagena,Valle del Cauca,IA,True,2644,239043.09,2023-07-12,Medio,30,M,11,True,True,False,5,Crowdfunding,215025.32,175539.91,193813.12,324536.96,119816.4,52.39,4994,15.85,61,7,Web,Java,MongoDB,DigitalOcean,4480,8335,14.28,12.25,457.33,6983.28,192.77,38909.1,14,11840518.05,Serie B,2265516.89,16.94,https://conecta-crece.com/pitch/402,https://youtube.com/watch?v=pitch402,MVP
403,Yaneth Garzón,alejandroospina@example.org,573152357863,Cartagena,Atlántico,Healthtech,False,1327,31086.8,2025-09-26,Bajo,26,Otro,21,False,False,False,3,Crowdfunding,44975.12,436548.87,183063.66,253396.94,287641.07,20.77,1060,10.28,47,15,Blockchain,Python,MongoDB,AWS,3275,10563,6.4,9.57,126.37,613.53,98.13,7840.29,26,37802800.7,Serie B,1935649.0,20.49,https://conecta-crece.com/pitch/403,https://youtube.com/watch?v=pitch403,Escalando
404,Teresa Ligia Rojas,jessica99@example.com,(+57) 602 869 83 74,Bogotá,Cundinamarca,Edtech,False,8926,571347.52,2025-06-18,Alto,33,Otro,11,False,False,False,1,Crowdfunding,117952.01,415516.44,39221.45,177156.94,326238.45,30.59,2020,19.38,-66,20,Blockchain,JavaScript,PostgreSQL,AWS,2796,6653,5.77,1.65,343.46,3346.02,243.17,37099.35,33,8977139.03,Serie A,1975928.83,29.22,https://conecta-crece.com/pitch/404,https://youtube.com/watch?v=pitch404,MVP
405,Constanza Ramírez López,luz07@example.net,+573240223202,Cartagena,Antioquia,IA,True,5675,406633.15,2024-07-28,Medio,55,Otro,22,False,True,True,4,Bootstrapped,167980.06,273853.52,73160.84,475862.55,196261.14,28.4,3164,28.54,43,23,Web,Rust,MongoDB,DigitalOcean,2363,13534,8.59,0.61,160.24,6269.48,432.76,89917.38,7,46323299.23,Pre-semilla,4573707.96,19.98,https://conecta-crece.com/pitch/405,https://youtube.com/watch?v=pitch405,MVP
406,Jorge Román Rodríguez Martínez,rsandoval@example.com,018008342689,Cartagena,Valle del Cauca,E-commerce,True,4459,51655.39,2024-06-01,Bajo,24,M,12,True,False,False,0,VC,88095.0,75265.84,165519.87,101946.3,87265.07,22.15,1756,24.71,21,36,Web,JavaScript,Firebase,DigitalOcean,2609,770,1.47,9.5,476.84,1581.9,425.34,81226.34,21,47524300.86,Pre-semilla,224201.34,13.85,https://conecta-crece.com/pitch/406,https://youtube.com/watch?v=pitch406,Escalando
407,Graciela Mejía,cecilia51@example.com,57 318 294 84 95,Cartagena,Cundinamarca,SaaS,False,9249,386017.73,2023-06-24,Medio,25,Otro,24,True,False,True,2,VC,38932.77,591291.53,105356.62,428370.24,139847.85,21.4,1121,28.12,42,30,Blockchain,Python,MongoDB,DigitalOcean,3694,8849,13.82,4.83,92.12,4977.85,135.84,37042.11,20,27113338.08,Serie A,3677794.62,15.55,https://conecta-crece.com/pitch/407,https://youtube.com/watch?v=pitch407,Producto
408,María Tatiana Sandoval,katherine78@example.org,+57 317 302 62 33,Cali,Valle del Cauca,Edtech,True,5039,797619.44,2022-11-06,Alto,29,M,23,False,False,True,1,Bootstrapped,264747.0,30012.45,160324.3,186879.3,92445.7,55.31,1901,3.11,-40,11,Web,Java,MongoDB,AWS,1716,111,10.4,7.47,265.68,6370.84,184.13,75124.74,9,14267083.03,Serie A,4263054.51,18.12,https://conecta-crece.com/pitch/408,https://youtube.com/watch?v=pitch408,Escalando
409,Martín Ardila Osorio,marcela92@example.com,+576067042628,Cartagena,Atlántico,Edtech,False,3688,388896.52,2024-03-30,Medio,49,F,21,False,False,False,1,Bootstrapped,38920.97,592174.28,196957.99,352138.47,367761.05,30.15,570,16.25,-56,9,Móvil,JavaScript,MySQL,Google Cloud,1649,9958,5.15,12.7,13.47,3118.21,0.93,40829.85,3,44285558.44,Semilla,2106071.6,17.24,https://conecta-crece.com/pitch/409,https://youtube.com/watch?v=pitch409,MVP
410,César Quintero Suárez,magdalenagomez@example.com,+573284993073,Barranquilla,Valle del Cauca,Fintech,True,7777,718956.86,2024-10-02,Alto,47,Otro,23,True,False,True,1,VC,144023.87,224594.2,149365.32,182230.51,251391.62,43.87,3104,5.49,46,5,IA,JavaScript,MySQL,DigitalOcean,3142,14759,20.07,4.0,60.1,625.65,427.97,73237.46,10,32306473.04,Semilla,363443.59,22.19,https://conecta-crece.com/pitch/410,https://youtube.com/watch?v=pitch410,MVP
411,Óscar Orjuela Barragán,gromero@example.net,(+57)3196504071,Bucaramanga,Antioquia,E-commerce,True,529,445683.82,2025-02-20,Medio,42,M,6,True,True,False,1,Bootstrapped,219841.54,559582.07,131449.42,293003.19,256430.72,26.54,4510,5.17,-58,23,IA,JavaScript,PostgreSQL,Azure,4564,5067,8.74,2.27,365.15,4683.97,359.01,51844.67,13,40431267.43,Serie A,1273319.75,5.49,https://conecta-crece.com/pitch/411,https://youtube.com/watch?v=pitch411,Producto
412,Jair Zapata Suárez,fajardomartha@example.net,57 609 304 74 42,Cali,Atlántico,E-commerce,True,3006,264732.74,2025-10-02,Medio,50,Otro,19,False,True,True,4,Angel,132042.51,113462.7,66221.95,333693.54,238681.6,63.18,4077,21.84,-46,34,IA,JavaScript,PostgreSQL,Google Cloud,1232,480,24.56,11.41,58.29,7953.01,168.42,80105.65,6,27444175.83,Semilla,236402.7,6.11,https://conecta-crece.com/pitch/412,https://youtube.com/watch?v=pitch412,Escalando
413,Ruby Rosa Betancur,hugo84@example.org,57 312 584 65 43,Bucaramanga,Atlántico,E-commerce,False,5773,608547.07,2023-10-18,Alto,35,Otro,24,False,False,True,1,Crowdfunding,118303.73,42616.71,167570.89,375552.81,399020.24,63.8,1654,1.5,-23,18,Blockchain,Python,MongoDB,AWS,3780,1108,11.06,13.14,477.51,8732.87,263.78,93211.05,8,1239744.95,Semilla,3232412.76,9.19,https://conecta-crece.com/pitch/413,https://youtube.com/watch?v=pitch413,Producto
414,Jesús Acosta,eider60@example.org,9553057,Bogotá,Valle del Cauca,Edtech,False,4591,665688.32,2023-01-25,Alto,54,M,2,True,True,False,3,Bootstrapped,63125.13,415439.47,18585.85,483739.89,58757.47,13.39,1236,22.22,-71,16,Móvil,Python,Firebase,DigitalOcean,3832,12351,20.15,1.28,306.86,7485.61,-0.92,15707.41,28,5314826.07,Semilla,257163.04,20.44,https://conecta-crece.com/pitch/414,https://youtube.com/watch?v=pitch414,Idea
415,Arturo Sánchez,carvajaljulian@example.net,573172079521,Bucaramanga,Valle del Cauca,SaaS,False,4124,449258.55,2023-10-18,Medio,34,Otro,24,True,True,False,4,Angel,129434.57,236119.23,107229.69,330508.27,182573.03,71.38,2469,23.52,-74,12,IA,JavaScript,MySQL,AWS,2340,392,23.91,10.4,316.42,1492.05,135.44,5830.51,23,49100993.69,Semilla,3001800.14,14.39,https://conecta-crece.com/pitch/415,https://youtube.com/watch?v=pitch415,Idea
416,Isabel Muñoz González,luzavila@example.com,57 601 451 91 42,Cartagena,Antioquia,SaaS,False,5783,840791.43,2023-08-09,Alto,46,M,24,True,True,False,1,Crowdfunding,148967.42,11961.98,19433.61,484473.87,48165.21,29.28,3472,28.12,40,23,IoT,Java,Firebase,Azure,1077,3493,25.54,4.26,46.73,7452.19,35.89,18380.35,33,46516242.93,Serie B,659408.62,20.36,https://conecta-crece.com/pitch/416,https://youtube.com/watch?v=pitch416,Escalando
417,Graciela Gómez,joaquincorrea@example.org,(+57)3090100163,Barranquilla,Valle del Cauca,Fintech,True,9865,234652.76,2023-05-21,Medio,25,F,24,True,False,False,4,Bootstrapped,123702.34,90991.32,172002.18,265992.55,378104.85,17.49,2616,8.57,-60,3,Móvil,Java,MySQL,Google Cloud,490,2062,1.49,5.77,453.5,9570.23,260.44,77999.19,31,18491448.34,Serie A,3133386.73,14.27,https://conecta-crece.com/pitch/417,https://youtube.com/watch?v=pitch417,Producto
418,Ángel Jorge Carmona Palacios,kmanrique@example.com,604 379 02 47,Barranquilla,Antioquia,Edtech,False,7907,375109.95,2024-05-21,Medio,28,M,9,False,False,True,0,Bootstrapped,166482.42,538409.81,159451.81,257577.33,16261.17,11.87,3379,17.06,-75,31,Blockchain,Java,MySQL,DigitalOcean,1336,6963,15.97,8.39,263.26,8142.13,318.61,47537.31,12,29678094.04,Pre-semilla,4872295.78,22.61,https://conecta-crece.com/pitch/418,https://youtube.com/watch?v=pitch418,Escalando
419,Ángel Ramón Bustos Zapata,maria87@example.com,573266113972,Cartagena,Cundinamarca,Agrotech,False,1715,89012.81,2024-04-06,Bajo,37,M,15,True,False,True,0,VC,108336.34,371485.89,55109.56,150818.05,320569.84,22.25,1610,1.72,44,30,Móvil,Java,MongoDB,DigitalOcean,3499,11544,13.46,4.18,24.55,1292.91,-46.99,23901.66,15,30387438.29,Semilla,4121797.96,27.99,https://conecta-crece.com/pitch/419,https://youtube.com/watch?v=pitch419,Escalando
420,Jairo Julián Zapata,marcela78@example.org,(+57) 329 205 39 63,Barranquilla,Atlántico,Agrotech,True,1343,922359.41,2024-03-22,Alto,44,Otro,3,True,True,False,0,Bootstrapped,17274.27,186203.07,82960.8,50983.42,386060.31,53.88,204,22.9,-71,6,Blockchain,Rust,Firebase,DigitalOcean,1028,14993,8.32,0.78,331.0,5897.09,249.13,94440.28,7,41045317.48,Serie A,2892135.82,12.88,https://conecta-crece.com/pitch/420,https://youtube.com/watch?v=pitch420,Idea
421,Carolina Jiménez,camilo35@example.net,+576048688111,Medellín,Cundinamarca,Healthtech,True,9710,320082.58,2023-12-03,Medio,41,Otro,20,False,False,False,5,Angel,194408.07,139064.65,118063.43,342892.7,325615.19,36.76,4559,22.75,-74,29,Blockchain,Python,PostgreSQL,Google Cloud,3982,4716,28.62,7.53,289.8,2557.59,407.0,77408.54,30,9232465.13,Serie A,2935176.5,27.8,https://conecta-crece.com/pitch/421,https://youtube.com/watch?v=pitch421,Escalando
422,Andrés Arias,oscar58@example.net,3199725474,Bogotá,Valle del Cauca,Edtech,False,2336,807978.34,2024-10-10,Alto,23,M,15,True,False,True,0,Bootstrapped,123222.58,588719.21,132151.19,329972.66,252625.19,56.23,2125,3.76,39,8,Móvil,Java,Firebase,Google Cloud,927,1388,29.3,14.46,368.17,5421.27,294.28,96635.31,35,1623735.72,Pre-semilla,4854015.62,28.2,https://conecta-crece.com/pitch/422,https://youtube.com/watch?v=pitch422,Producto
423,Irene Sandra Contreras,felipeherrera@example.com,57 311 060 28 57,Medellín,Antioquia,IA,True,7443,307593.51,2022-12-19,Medio,44,Otro,17,True,False,False,3,Bootstrapped,161729.93,43200.14,5138.59,270507.39,167980.0,32.41,767,25.04,-54,15,Blockchain,Rust,MySQL,Azure,4889,6626,3.65,9.9,51.18,1662.53,440.04,69062.34,20,39594018.02,Serie B,2820460.11,17.62,https://conecta-crece.com/pitch/423,https://youtube.com/watch?v=pitch423,Escalando
424,Francisco Esteban Vásquez Silva,libardo47@example.org,57 321 687 00 40,Barranquilla,Atlántico,SaaS,True,4426,727574.42,2025-10-25,Alto,24,Otro,12,True,True,False,0,Crowdfunding,127056.84,248227.03,8804.24,449893.91,257216.86,22.39,2327,20.55,76,17,IA,Go,MongoDB,AWS,3780,9539,24.14,12.17,338.31,4041.77,111.07,9290.92,29,35130350.46,Serie A,4183678.69,14.41,https://conecta-crece.com/pitch/424,https://youtube.com/watch?v=pitch424,MVP
425,Santiago Álvarez,kcampo@example.com,(+57) 328 051 35 21,Cartagena,Atlántico,Fintech,False,7472,721753.16,2023-01-04,Alto,54,F,5,True,False,True,1,Crowdfunding,101405.37,270154.65,31961.45,466775.38,232334.96,27.02,3331,8.98,39,11,Web,Rust,PostgreSQL,Azure,4389,6575,16.45,7.78,310.9,8815.31,25.6,29560.5,33,7651800.95,Serie B,3029615.18,6.7,https://conecta-crece.com/pitch/425,https://youtube.com/watch?v=pitch425,Idea
426,Emilse Carolina Rodríguez,orozcojavier@example.org,57 609 968 80 29,Bogotá,Cundinamarca,Healthtech,True,3563,625122.87,2023-03-05,Alto,29,Otro,25,True,False,True,1,Gobierno,32388.14,149340.66,143942.89,447326.79,137218.22,78.67,358,27.63,-18,35,Web,Go,MongoDB,AWS,1366,5923,27.29,4.54,158.02,1531.98,18.51,14249.34,23,32549258.97,Semilla,3500222.02,11.84,https://conecta-crece.com/pitch/426,https://youtube.com/watch?v=pitch426,Escalando
427,Iván Álvarez,eduardo54@example.com,+57 314 695 08 69,Bogotá,Atlántico,IA,False,1120,405054.42,2025-07-15,Medio,55,M,23,False,True,True,3,Gobierno,249998.38,101822.13,54299.72,221982.63,165948.83,69.35,856,23.83,-17,14,Blockchain,Go,MongoDB,DigitalOcean,4420,10135,24.34,4.11,487.88,4018.69,290.2,46832.93,35,19120004.59,Serie A,3459011.25,26.67,https://conecta-crece.com/pitch/427,https://youtube.com/watch?v=pitch427,Producto
428,Inés Moreno Ortiz,villamilestella@example.org,(+57) 301 476 24 67,Cali,Valle del Cauca,IA,True,1862,343583.57,2023-10-04,Medio,29,Otro,5,True,True,False,2,Angel,209097.27,267042.94,138953.33,176279.26,28897.16,15.5,506,7.59,52,28,Móvil,Go,MongoDB,Google Cloud,3375,11642,19.78,1.95,293.84,3343.77,279.72,41003.38,3,2552671.14,Serie A,4044618.12,12.47,https://conecta-crece.com/pitch/428,https://youtube.com/watch?v=pitch428,Producto
429,Juan Ramiro Gómez Camargo,martinezgloria@example.org,573202585472,Cali,Atlántico,Agrotech,False,9171,183032.9,2023-02-26,Medio,49,F,16,False,True,False,3,VC,48548.78,574133.96,186278.58,158059.05,346179.21,44.3,3629,10.86,-93,31,IA,Java,PostgreSQL,Google Cloud,4158,13213,18.65,6.66,128.83,7844.08,91.95,43421.47,27,39185627.44,Semilla,3863602.29,13.41,https://conecta-crece.com/pitch/429,https://youtube.com/watch?v=pitch429,Producto
430,Kevin Restrepo,vilmagutierrez@example.net,573296264505,Barranquilla,Valle del Cauca,E-commerce,False,3800,58921.44,2025-09-18,Bajo,25,M,23,False,True,True,0,Angel,45646.75,126730.77,152407.31,226511.25,385762.12,43.49,3882,10.01,-66,23,IoT,Python,Firebase,AWS,859,1315,6.13,10.78,58.96,3787.84,484.83,52819.25,19,26717104.16,Serie B,4967198.86,5.15,https://conecta-crece.com/pitch/430,https://youtube.com/watch?v=pitch430,Idea
431,Víctor Carlos Salcedo Pinto,mercadoalejandra@example.com,+57 314 114 51 45,Cartagena,Atlántico,Agrotech,False,9205,112806.11,2023-10-21,Medio,30,M,3,True,False,False,0,VC,133834.61,695951.22,81709.74,132297.99,66312.69,66.84,623,5.27,-72,13,Web,JavaScript,MongoDB,Google Cloud,3931,5625,7.61,5.51,298.48,3920.11,363.91,9568.9,25,48687775.39,Semilla,1874054.13,11.62,https://conecta-crece.com/pitch/431,https://youtube.com/watch?v=pitch431,MVP
432,Claudia Hernández,ramirezantonio@example.com,(+57) 313 423 57 69,Bogotá,Antioquia,E-commerce,False,4198,313214.13,2023-02-07,Medio,45,F,2,True,False,False,2,VC,85562.08,327056.84,147953.5,435065.29,338327.57,15.37,1146,28.39,-61,31,IA,Rust,Firebase,AWS,3702,7202,27.13,6.27,111.08,6678.53,304.79,69459.23,13,24515331.96,Pre-semilla,998559.38,25.82,https://conecta-crece.com/pitch/432,https://youtube.com/watch?v=pitch432,Escalando
433,Paola Gil Cruz,jmendoza@example.org,(+57)3087688834,Bogotá,Atlántico,Healthtech,True,8944,686657.58,2023-08-04,Alto,25,M,20,False,True,True,2,VC,214427.46,136053.34,77322.6,497170.65,391561.25,32.75,4467,15.59,-63,20,IoT,JavaScript,MongoDB,Google Cloud,2513,213,2.04,13.85,353.0,6380.26,7.11,11566.74,28,22083025.41,Serie A,2595233.51,6.67,https://conecta-crece.com/pitch/433,https://youtube.com/watch?v=pitch433,Escalando
434,Laura Velasco Restrepo,martha36@example.org,+57 314 895 53 70,Medellín,Valle del Cauca,Healthtech,False,5939,348613.68,2023-10-03,Medio,38,F,14,True,True,False,5,Bootstrapped,142533.43,433678.76,90067.29,392354.83,43575.53,54.93,2625,7.99,52,10,Móvil,Rust,Firebase,Azure,4424,12067,12.19,9.52,293.85,9882.9,240.23,78759.07,6,15373145.06,Serie A,2432142.25,22.58,https://conecta-crece.com/pitch/434,https://youtube.com/watch?v=pitch434,Escalando
435,Tatiana Moreno,danielpineda@example.net,328 431 29 95,Barranquilla,Antioquia,Healthtech,False,3860,109130.86,2024-05-30,Medio,24,M,24,False,False,True,2,Angel,271367.57,582149.09,129739.5,296604.05,65763.43,26.48,4653,23.98,-62,10,IoT,Go,MySQL,DigitalOcean,1297,14463,17.43,14.76,263.37,5195.37,-22.84,59917.04,16,8472384.0,Pre-semilla,271671.4,7.92,https://conecta-crece.com/pitch/435,https://youtube.com/watch?v=pitch435,MVP
436,Óscar David Rodríguez,sandratorres@example.org,(+57) 322 170 26 61,Bogotá,Cundinamarca,Fintech,False,7608,233869.35,2024-01-20,Medio,49,F,4,True,True,False,5,Gobierno,36510.81,383418.72,163565.97,95486.06,153979.39,16.51,505,27.6,-40,21,IA,JavaScript,MySQL,AWS,3963,4547,13.21,11.39,429.55,6450.99,57.24,34386.35,23,41619670.54,Pre-semilla,222602.58,9.96,https://conecta-crece.com/pitch/436,https://youtube.com/watch?v=pitch436,Idea
437,Lucía María Guerrero Hernández,morenoerika@example.com,573184994194,Barranquilla,Antioquia,Fintech,False,4620,459758.84,2025-02-03,Medio,43,Otro,19,False,False,True,2,Bootstrapped,270881.82,32254.04,86570.17,448546.51,156461.67,28.81,604,1.38,65,28,IA,Java,MySQL,AWS,1851,4643,1.05,6.98,168.73,4048.35,399.87,92049.25,20,38644053.63,Serie B,257690.44,20.38,https://conecta-crece.com/pitch/437,https://youtube.com/watch?v=pitch437,Producto
438,José Antonio Leal,merygarcia@example.com,3172270447,Medellín,Atlántico,Agrotech,True,4870,774140.55,2023-07-02,Alto,31,F,18,False,True,False,4,Gobierno,235473.49,369568.14,107987.12,279457.0,208399.57,54.47,969,14.7,74,34,IoT,Python,MongoDB,AWS,3049,13173,18.15,3.12,232.23,867.59,199.96,40820.18,18,6412559.47,Pre-semilla,706870.2,27.03,https://conecta-crece.com/pitch/438,https://youtube.com/watch?v=pitch438,Producto
439,Luz Esther Bautista,diana47@example.com,4568897,Bucaramanga,Antioquia,Agrotech,True,5009,457279.37,2022-11-14,Medio,27,Otro,1,False,True,True,3,VC,100684.32,220048.21,191467.38,230824.75,183201.73,59.42,1130,15.16,-2,14,Web,Python,PostgreSQL,Azure,762,9990,21.67,6.34,77.51,2736.08,39.5,62300.06,33,16779944.58,Pre-semilla,2273931.55,25.28,https://conecta-crece.com/pitch/439,https://youtube.com/watch?v=pitch439,Producto
440,Edith Nelly Moreno Lozano,ochoacarmen@example.net,(+57) 321 047 53 27,Cali,Valle del Cauca,Edtech,True,9119,722401.06,2024-03-10,Alto,44,Otro,10,False,False,True,2,Gobierno,233850.69,88493.33,168984.37,71626.43,337949.98,35.7,0,21.6,-96,6,Web,Go,PostgreSQL,Azure,3368,4527,28.57,7.16,113.52,1446.52,416.19,49650.26,14,25204624.27,Serie A,4442749.6,27.14,https://conecta-crece.com/pitch/440,https://youtube.com/watch?v=pitch440,Producto
441,Lucía Suárez Contreras,renteriasandra@example.net,(+57)3214194757,Bogotá,Atlántico,E-commerce,True,2686,10031.58,2025-01-16,Bajo,38,Otro,15,True,True,True,3,Bootstrapped,116845.82,653772.27,184839.2,397625.81,149758.14,43.7,482,23.8,43,6,Web,Python,MongoDB,AWS,1468,13845,14.45,12.21,490.72,6603.68,123.24,45603.35,5,37219021.93,Semilla,4737671.15,26.55,https://conecta-crece.com/pitch/441,https://youtube.com/watch?v=pitch441,Escalando
442,Álvaro Reinaldo Mendoza Hurtado,romerosara@example.com,303 906 95 28,Cartagena,Antioquia,Edtech,True,587,57973.91,2023-03-08,Bajo,51,M,14,False,True,True,3,VC,271815.29,580983.97,130729.16,438751.02,229941.8,31.86,2680,21.27,-42,12,IoT,Rust,Firebase,DigitalOcean,4868,9118,17.62,13.05,211.94,1401.9,91.4,95872.24,10,20729638.19,Pre-semilla,4798714.02,24.83,https://conecta-crece.com/pitch/442,https://youtube.com/watch?v=pitch442,MVP
443,Delia Álvarez,monicacastro@example.com,573010633533,Medellín,Valle del Cauca,IA,True,3543,977517.19,2024-02-02,Alto,26,M,9,False,True,True,2,Crowdfunding,199196.35,282297.18,136920.47,35291.65,357046.82,24.93,2948,13.7,34,18,IA,JavaScript,Firebase,AWS,3332,14143,8.92,8.41,29.07,4349.74,56.57,57055.6,19,44560687.95,Semilla,2758454.22,29.19,https://conecta-crece.com/pitch/443,https://youtube.com/watch?v=pitch443,Producto
444,Beatriz Stella Villa,sanchezalejandra@example.net,+57 322 254 54 36,Barranquilla,Valle del Cauca,Agrotech,True,8900,801200.92,2024-02-03,Alto,25,F,11,True,False,False,2,Bootstrapped,118042.06,314289.95,67112.71,40950.75,384399.64,21.16,4624,6.3,-98,5,IoT,Java,MongoDB,AWS,358,8103,19.24,4.99,23.5,9902.12,5.94,27189.25,8,49839391.96,Serie B,3905600.44,28.54,https://conecta-crece.com/pitch/444,https://youtube.com/watch?v=pitch444,Idea
445,Manuel Rodríguez Sandoval,castanoalba@example.com,(+57) 304 481 68 20,Bucaramanga,Cundinamarca,Edtech,False,4882,603021.88,2024-01-26,Alto,50,Otro,13,True,True,True,5,Bootstrapped,121836.87,434687.76,183875.45,158248.39,368030.91,28.76,681,20.8,-100,8,Móvil,JavaScript,Firebase,Azure,4645,5874,26.29,1.36,87.38,4235.04,396.85,92302.42,8,16043426.25,Serie A,1112263.97,22.99,https://conecta-crece.com/pitch/445,https://youtube.com/watch?v=pitch445,MVP
446,Liliana Laura Sarmiento Castro,gpena@example.net,+573219912585,Cali,Valle del Cauca,Agrotech,False,574,906973.07,2024-07-11,Alto,50,F,2,False,True,False,5,Angel,253357.44,324586.91,110148.91,465444.41,283552.16,51.29,2999,19.67,-41,7,Web,Python,Firebase,Azure,1781,5001,23.41,0.68,348.11,5831.88,-48.35,38079.93,5,43926515.18,Serie B,275755.3,20.29,https://conecta-crece.com/pitch/446,https://youtube.com/watch?v=pitch446,Producto
447,Johan Jhon Arboleda,daniel67@example.com,(+57)3231545602,Cartagena,Valle del Cauca,SaaS,True,3677,69087.42,2025-06-25,Bajo,43,Otro,20,True,False,False,1,VC,205807.41,238327.33,9140.92,194573.25,14076.46,38.53,3988,17.51,47,3,Web,Go,Firebase,AWS,613,8977,12.22,6.87,138.76,7805.11,442.49,99631.01,35,13426088.5,Semilla,3597449.41,28.91,https://conecta-crece.com/pitch/447,https://youtube.com/watch?v=pitch447,MVP
448,María Teresa Cano Orozco,lopezmaria@example.org,+573287814735,Cali,Valle del Cauca,E-commerce,False,3736,572424.62,2022-12-06,Alto,23,M,13,False,False,False,1,VC,98427.52,152576.35,126576.62,414392.69,29893.11,24.88,3108,10.08,-67,28,Móvil,Java,MySQL,DigitalOcean,4411,4194,6.33,1.39,101.52,9475.55,336.35,19197.9,17,15454991.94,Pre-semilla,395232.83,23.43,https://conecta-crece.com/pitch/448,https://youtube.com/watch?v=pitch448,Idea
449,Dina Ramírez,pulidocamilo@example.net,57 314 481 65 96,Bucaramanga,Atlántico,IA,True,5885,573461.09,2025-07-13,Alto,37,M,21,False,False,True,0,Angel,265919.53,81653.78,76805.22,222591.83,317995.66,53.14,53,9.17,73,24,Blockchain,Java,Firebase,Azure,4643,14121,6.4,2.98,371.1,7733.55,121.43,42547.93,17,47667237.69,Semilla,2124447.34,25.1,https://conecta-crece.com/pitch/449,https://youtube.com/watch?v=pitch449,MVP
450,Patricia Olga Montoya Gómez,murillojose@example.org,+573068685360,Bucaramanga,Antioquia,Agrotech,False,5845,798352.81,2025-05-13,Alto,55,M,3,False,False,False,0,Crowdfunding,37824.7,635131.63,22906.89,400775.4,336868.01,25.8,4511,1.18,-52,30,Móvil,Python,PostgreSQL,AWS,2898,14878,27.4,11.89,265.9,9107.62,347.53,70207.57,9,21743369.01,Pre-semilla,2540507.81,10.29,https://conecta-crece.com/pitch/450,https://youtube.com/watch?v=pitch450,Producto
451,María López,daniel24@example.net,(+57) 318 729 43 41,Cartagena,Cundinamarca,SaaS,False,9372,335654.17,2025-02-13,Medio,51,Otro,16,True,True,False,4,Crowdfunding,13337.12,35240.75,198483.06,170495.02,95144.21,47.45,4946,25.88,-83,27,IoT,JavaScript,Firebase,Google Cloud,4180,4543,10.62,13.29,434.45,6607.83,497.49,18119.7,33,8209427.47,Pre-semilla,929279.69,10.34,https://conecta-crece.com/pitch/451,https://youtube.com/watch?v=pitch451,Producto
452,Lucy María Betancur,palacioskaterine@example.net,(+57)3264205089,Bucaramanga,Antioquia,Edtech,True,1019,538971.3,2022-11-07,Alto,38,M,9,False,False,False,5,Angel,219342.68,647188.33,172050.86,374138.55,27162.77,78.18,2948,17.74,81,15,Web,JavaScript,MySQL,Google Cloud,305,10408,7.03,1.24,469.18,6989.2,70.46,17464.05,31,24951548.39,Semilla,3492490.37,7.58,https://conecta-crece.com/pitch/452,https://youtube.com/watch?v=pitch452,Producto
453,Elkin Fernando Tamayo,edwincaicedo@example.com,+573041118963,Bogotá,Antioquia,E-commerce,True,6897,719263.07,2023-08-18,Alto,43,M,14,False,False,True,0,Bootstrapped,103330.3,555133.04,46161.82,414260.23,183201.69,34.91,4788,3.78,37,17,Móvil,Python,MySQL,Google Cloud,4910,1488,13.06,13.31,346.04,7448.73,208.32,40921.41,5,43043970.2,Semilla,2931099.49,28.89,https://conecta-crece.com/pitch/453,https://youtube.com/watch?v=pitch453,MVP
454,Diana Mena Tovar,sromero@example.com,3892226,Bogotá,Valle del Cauca,Edtech,False,1145,123734.98,2025-06-29,Medio,46,F,6,True,True,True,0,Gobierno,146054.36,350761.05,73378.5,279032.84,147934.9,68.89,3221,14.35,92,5,Blockchain,JavaScript,Firebase,Google Cloud,699,9364,15.85,6.21,187.22,3101.65,107.82,77491.37,19,15095104.44,Pre-semilla,2232827.59,15.79,https://conecta-crece.com/pitch/454,https://youtube.com/watch?v=pitch454,MVP
455,José Jorge Zuluaga,zrengifo@example.com,+57 602 382 24 44,Cartagena,Antioquia,SaaS,True,9348,686433.52,2024-01-03,Alto,48,F,1,False,False,True,3,Angel,38842.73,118260.31,26937.93,441150.04,47694.48,30.69,1203,8.42,5,11,IA,Rust,MongoDB,Azure,1249,1681,20.7,12.83,321.75,9554.1,243.59,51834.27,9,37021274.22,Serie B,780218.59,11.0,https://conecta-crece.com/pitch/455,https://youtube.com/watch?v=pitch455,Producto
456,Francisco Quintero Patiño,alvaro48@example.net,01 8008 822 086,Bucaramanga,Cundinamarca,SaaS,False,4369,907902.67,2024-05-02,Alto,36,M,18,False,True,True,5,VC,284170.41,681875.82,37331.8,183451.02,23795.19,47.21,1842,8.12,-49,5,Móvil,Python,MySQL,Azure,4343,8203,12.76,5.92,362.2,3760.97,206.8,74137.6,20,25019036.47,Serie B,2036814.33,22.8,https://conecta-crece.com/pitch/456,https://youtube.com/watch?v=pitch456,Producto
457,Edilson Juan Barrera,camila17@example.net,018003842251,Bucaramanga,Valle del Cauca,Edtech,False,3980,723136.96,2022-12-22,Alto,49,F,19,False,False,False,3,Crowdfunding,233076.22,267615.44,161378.66,216023.1,362453.15,18.85,1450,10.95,-6,4,IoT,Python,MongoDB,Azure,4171,1454,24.63,3.19,205.56,1511.69,382.59,40265.49,27,19914036.91,Serie B,949533.09,26.34,https://conecta-crece.com/pitch/457,https://youtube.com/watch?v=pitch457,MVP
458,Emiro Wilson Herrera Álvarez,claudiasalazar@example.net,6088549174,Cali,Antioquia,Edtech,False,9692,18478.51,2022-11-12,Bajo,29,F,6,False,True,False,0,VC,195199.55,408464.85,49562.47,448733.05,376430.69,67.16,2465,23.53,-21,16,Web,Go,Firebase,Google Cloud,3761,3722,4.02,13.66,452.8,396.88,305.09,74432.71,34,47013319.39,Serie A,4602775.11,8.55,https://conecta-crece.com/pitch/458,https://youtube.com/watch?v=pitch458,Idea
459,Antonio Jaime Córdoba Delgado,claudiavasquez@example.org,(+57) 325 450 58 51,Bucaramanga,Atlántico,Fintech,False,5265,84003.82,2025-03-07,Bajo,32,M,12,False,True,False,4,Gobierno,77928.48,590899.07,130097.37,339677.59,20204.88,44.81,1340,26.22,73,4,IoT,Go,MongoDB,Google Cloud,1833,14846,13.9,7.07,292.88,4063.02,128.15,22888.53,32,269924.28,Serie A,4559582.36,21.14,https://conecta-crece.com/pitch/459,https://youtube.com/watch?v=pitch459,Idea
460,Diego Vallejo,xcastrillon@example.com,573144391828,Bucaramanga,Valle del Cauca,IA,True,7247,925375.37,2024-03-14,Alto,26,M,12,False,True,True,0,Angel,145153.48,477692.91,145897.64,33790.58,75174.39,42.42,1596,4.48,-94,22,Móvil,Rust,MySQL,Google Cloud,3270,8688,24.38,10.56,252.24,1728.34,-30.7,16554.2,27,31159475.2,Serie A,3560477.14,17.95,https://conecta-crece.com/pitch/460,https://youtube.com/watch?v=pitch460,Escalando
461,Miguel Juan Díaz,gabriel00@example.net,(+57)3273657740,Bucaramanga,Cundinamarca,E-commerce,True,9480,180130.21,2023-02-22,Medio,53,M,12,True,False,False,5,Angel,272863.38,103851.02,30155.26,346919.28,326020.88,25.88,1557,26.92,54,14,Web,Java,MongoDB,DigitalOcean,1829,12829,11.27,2.37,217.38,962.37,142.5,8302.05,28,4672737.97,Pre-semilla,2778574.03,16.48,https://conecta-crece.com/pitch/461,https://youtube.com/watch?v=pitch461,MVP
462,Yesid Duque Loaiza,rquintero@example.org,57 317 844 40 89,Barranquilla,Cundinamarca,IA,True,3325,392144.51,2023-06-05,Medio,46,M,4,True,False,True,1,Gobierno,29933.0,451364.31,190430.04,490261.54,89526.74,77.39,4589,19.33,-54,8,Blockchain,Go,MongoDB,Azure,3307,7859,6.81,6.92,138.7,1536.97,488.82,96596.38,12,7167556.4,Semilla,4602231.1,17.71,https://conecta-crece.com/pitch/462,https://youtube.com/watch?v=pitch462,Idea
463,Yuliana Córdoba,parteaga@example.com,+57 319 790 91 72,Cali,Valle del Cauca,Edtech,False,9228,755609.41,2024-11-21,Alto,31,Otro,22,True,True,False,3,Bootstrapped,113108.08,574737.02,123586.49,496535.98,85056.56,55.93,3191,8.03,62,33,Móvil,Python,MySQL,AWS,2234,6521,20.83,7.63,61.23,2439.52,217.06,34949.25,22,38631293.44,Serie A,785060.89,27.21,https://conecta-crece.com/pitch/463,https://youtube.com/watch?v=pitch463,Idea
464,María Bautista Sánchez,nury54@example.org,(+57) 301 678 30 75,Barranquilla,Antioquia,Agrotech,True,8384,223652.78,2024-07-17,Medio,40,Otro,13,True,False,False,3,Bootstrapped,94149.29,193794.2,95228.78,181404.53,101169.68,15.09,1427,28.17,68,7,IA,Python,Firebase,Azure,599,1289,17.42,13.82,177.69,4339.83,-40.7,93667.8,8,28853975.64,Serie B,2982504.1,10.29,https://conecta-crece.com/pitch/464,https://youtube.com/watch?v=pitch464,Producto
465,Juliana Yulieth Orozco González,enriquesalcedo@example.com,+573044784979,Barranquilla,Valle del Cauca,IA,True,1036,453604.99,2023-04-26,Medio,52,M,5,True,False,True,3,Angel,199999.06,49784.45,173375.44,248569.07,55073.34,56.31,1226,9.92,-49,18,Blockchain,Rust,Firebase,DigitalOcean,4367,9302,19.77,6.39,287.53,5279.88,68.59,20672.5,34,44670498.51,Semilla,445519.47,20.05,https://conecta-crece.com/pitch/465,https://youtube.com/watch?v=pitch465,MVP
466,Eduardo Bedoya,gjaramillo@example.net,+57 310 587 67 95,Bucaramanga,Atlántico,SaaS,True,7592,136192.35,2025-08-27,Medio,43,Otro,19,False,False,False,1,Angel,282211.39,479456.46,180021.84,349443.51,124059.94,18.07,751,19.27,-3,24,IA,JavaScript,MySQL,Azure,1498,3840,4.62,1.16,69.32,785.61,413.19,78586.6,34,40396955.48,Serie A,4966277.22,19.08,https://conecta-crece.com/pitch/466,https://youtube.com/watch?v=pitch466,Escalando
467,Martha Sánchez,wvelez@example.net,+576086853790,Cali,Atlántico,Fintech,True,69,800543.19,2025-06-12,Alto,30,F,18,False,False,False,2,Crowdfunding,199614.38,304680.91,80182.74,286625.53,237559.87,74.64,729,13.17,-49,27,IA,Go,MySQL,Azure,2718,561,1.67,4.04,164.22,2283.85,59.55,60942.01,27,48755069.57,Serie B,3101470.57,29.07,https://conecta-crece.com/pitch/467,https://youtube.com/watch?v=pitch467,Escalando
468,Andrea Pardo Bustamante,uchaparro@example.net,(+57)6076886082,Bucaramanga,Valle del Cauca,Edtech,False,3699,83682.79,2024-12-20,Bajo,42,M,2,False,False,True,1,VC,104929.37,113058.4,32220.46,207349.21,83182.93,30.98,641,25.75,57,21,IoT,Rust,MongoDB,DigitalOcean,2866,4635,13.0,6.8,156.28,3371.04,93.95,90607.02,21,37291919.04,Serie A,3559731.57,24.64,https://conecta-crece.com/pitch/468,https://youtube.com/watch?v=pitch468,Producto
469,Alejandro Acevedo Gómez,ecastro@example.net,6044968499,Barranquilla,Antioquia,IA,True,4284,613926.78,2023-06-22,Alto,39,Otro,15,False,True,False,3,VC,5152.86,531349.33,167354.3,350104.49,69197.87,25.72,4860,10.52,7,11,IoT,Go,PostgreSQL,Azure,827,4102,5.57,14.53,498.88,7626.46,195.05,10814.37,14,5845662.1,Serie B,3820334.4,16.97,https://conecta-crece.com/pitch/469,https://youtube.com/watch?v=pitch469,Producto
470,Natalia Alexandra Orozco,jose69@example.org,6053524498,Cartagena,Valle del Cauca,Edtech,False,6813,899741.59,2024-09-01,Alto,45,F,16,True,True,True,1,Bootstrapped,12873.22,194696.37,86567.46,152888.95,371617.04,20.39,1830,17.43,-93,12,IA,Python,PostgreSQL,AWS,1681,12043,26.05,5.33,202.81,3626.77,338.84,42202.6,24,29159278.92,Serie B,4821019.69,18.88,https://conecta-crece.com/pitch/470,https://youtube.com/watch?v=pitch470,Escalando
471,Javier Ramos Arroyo,emedina@example.com,3140431456,Bogotá,Antioquia,Fintech,False,5956,970998.09,2025-07-01,Alto,41,M,9,False,False,False,1,Bootstrapped,21743.69,654184.18,110146.01,24980.91,82517.66,72.32,1560,25.04,-60,11,Web,JavaScript,PostgreSQL,Azure,3757,4816,6.31,6.4,331.45,285.29,77.59,47822.41,29,25271291.3,Serie B,3918083.21,18.51,https://conecta-crece.com/pitch/471,https://youtube.com/watch?v=pitch471,Idea
472,Libia Gómez Carrillo,restrepofabio@example.net,57 328 186 04 69,Bucaramanga,Valle del Cauca,SaaS,True,9373,37506.19,2025-04-07,Bajo,39,F,25,True,True,True,5,Gobierno,131446.25,200232.46,93163.24,94973.5,15785.92,24.55,2609,2.69,-42,26,Web,JavaScript,PostgreSQL,Azure,3468,6423,10.81,7.0,175.02,8734.19,457.25,20150.89,15,6760480.68,Semilla,3136861.99,10.84,https://conecta-crece.com/pitch/472,https://youtube.com/watch?v=pitch472,MVP
473,Francisco Sanabria,fernando21@example.net,57 317 979 12 78,Cali,Atlántico,E-commerce,True,3581,21160.51,2022-12-25,Bajo,35,M,8,True,True,True,2,Gobierno,140533.81,47404.57,138451.6,335493.43,171568.29,41.94,87,13.69,9,12,Blockchain,Rust,MongoDB,Azure,2050,14743,22.7,3.02,324.46,2185.03,-6.97,90833.59,17,36762334.47,Serie A,4089520.43,9.27,https://conecta-crece.com/pitch/473,https://youtube.com/watch?v=pitch473,Idea
474,Javier Hernández Mosquera,bvasquez@example.com,+573106227480,Bucaramanga,Antioquia,Fintech,True,8900,220700.9,2025-08-23,Medio,40,F,3,True,True,False,5,Angel,287283.55,463342.18,26480.55,27007.48,149821.31,40.75,3388,27.57,-34,32,Web,Go,Firebase,Azure,2143,6801,4.07,11.91,304.35,8636.43,459.11,9754.41,26,32026956.59,Semilla,2707273.54,28.01,https://conecta-crece.com/pitch/474,https://youtube.com/watch?v=pitch474,MVP
475,Wilson López García,fmartinez@example.org,(+57)6014975326,Barranquilla,Antioquia,Healthtech,True,2997,789676.69,2024-09-20,Alto,31,F,20,True,False,False,3,Crowdfunding,84524.23,178305.72,101426.65,370009.3,378904.0,43.98,1537,14.09,96,7,Móvil,Python,PostgreSQL,AWS,714,792,4.46,7.14,261.62,2433.49,140.66,70394.2,29,40386386.6,Pre-semilla,3364567.7,27.27,https://conecta-crece.com/pitch/475,https://youtube.com/watch?v=pitch475,Idea
476,Geraldine Pérez Núñez,deyaniraordonez@example.com,573109792568,Bogotá,Atlántico,Healthtech,True,3745,457142.53,2023-09-09,Medio,31,F,4,False,False,True,4,VC,220565.6,628179.92,21878.39,51909.81,70860.75,73.37,3176,22.7,-37,17,IoT,Go,PostgreSQL,Google Cloud,185,5929,25.86,2.67,65.36,1843.86,323.52,70084.43,19,29596020.07,Serie B,4257487.02,9.81,https://conecta-crece.com/pitch/476,https://youtube.com/watch?v=pitch476,MVP
477,Víctor Rincón,hernan96@example.net,(+57) 305 816 07 12,Bogotá,Antioquia,Edtech,False,4873,741337.72,2023-02-13,Alto,41,F,1,False,False,False,0,VC,139387.48,563107.64,2064.88,187721.32,273500.13,63.62,2861,3.07,96,23,Móvil,Go,Firebase,Azure,1498,6528,13.39,10.04,88.38,8788.72,357.59,44340.91,20,9330827.73,Serie B,2397118.24,24.87,https://conecta-crece.com/pitch/477,https://youtube.com/watch?v=pitch477,MVP
478,Armando Mendoza Manrique,lescobar@example.com,+573002753588,Cartagena,Antioquia,Fintech,False,1369,912488.29,2023-03-05,Alto,47,F,18,True,True,True,0,VC,171811.39,649212.51,30181.88,143632.93,29277.28,74.68,3362,7.33,-62,23,IA,Rust,Firebase,Google Cloud,3580,4023,14.43,10.94,85.54,4145.19,404.67,73658.39,14,2232995.45,Serie B,426189.05,21.58,https://conecta-crece.com/pitch/478,https://youtube.com/watch?v=pitch478,Idea
479,Carlos Sierra Sánchez,ecastillo@example.net,018001433447,Cartagena,Valle del Cauca,Fintech,True,3404,648075.6,2024-02-20,Alto,28,M,21,True,True,False,4,Crowdfunding,255500.3,157114.67,171107.83,33051.94,257232.59,22.37,1243,3.74,-56,7,IA,Java,MySQL,Azure,4419,2537,26.22,8.38,272.53,9915.2,113.87,5801.43,10,26588831.08,Serie A,2803546.49,6.46,https://conecta-crece.com/pitch/479,https://youtube.com/watch?v=pitch479,Producto
480,Jhon Miguel Polo Velasco,augustoroa@example.com,303 544 66 45,Medellín,Cundinamarca,Fintech,False,2960,988877.71,2024-11-08,Alto,54,F,15,False,True,False,4,VC,232781.51,671833.91,127561.18,141602.72,348190.34,62.43,972,18.28,85,11,Móvil,Java,PostgreSQL,AWS,1164,11732,27.97,12.23,97.73,2013.75,-40.59,70566.82,5,14287673.12,Serie A,2682892.82,24.9,https://conecta-crece.com/pitch/480,https://youtube.com/watch?v=pitch480,Idea
481,Teresa Sandra Cabrera,mariarueda@example.com,(+57)3241196058,Barranquilla,Cundinamarca,Fintech,False,7365,284997.49,2022-11-11,Medio,31,F,19,False,True,True,4,Angel,33268.1,384686.92,11402.61,437716.51,169361.54,11.47,1377,21.48,-85,3,IA,JavaScript,PostgreSQL,Azure,1594,8932,12.48,13.16,11.89,6354.9,129.65,22048.74,18,44326166.34,Semilla,2771674.89,5.05,https://conecta-crece.com/pitch/481,https://youtube.com/watch?v=pitch481,Producto
482,Laura Amparo Barragán Ortega,garciaedwin@example.org,576049820944,Medellín,Atlántico,IA,True,9299,555384.97,2024-03-17,Alto,25,M,15,False,False,True,3,Gobierno,280068.72,600456.2,35462.08,278349.19,355902.53,71.74,4109,18.67,-2,16,Móvil,Go,Firebase,AWS,4152,5528,19.41,13.31,482.1,9139.2,362.52,77956.55,14,19942704.85,Pre-semilla,1276769.19,18.8,https://conecta-crece.com/pitch/482,https://youtube.com/watch?v=pitch482,Idea
483,Mateo Orozco Ruiz,ybolivar@example.org,324 120 86 53,Bogotá,Antioquia,Edtech,True,3345,5816.38,2025-09-27,Bajo,36,Otro,20,True,True,True,2,Angel,138325.98,420060.64,171227.67,264649.13,130686.44,75.65,162,12.78,23,34,Blockchain,Python,MySQL,DigitalOcean,3042,13545,17.88,0.59,450.44,5428.44,5.25,67147.97,20,12443377.98,Pre-semilla,3124791.06,16.68,https://conecta-crece.com/pitch/483,https://youtube.com/watch?v=pitch483,Escalando
484,María Arévalo,diana69@example.org,57 313 166 68 93,Bogotá,Atlántico,E-commerce,True,5822,956739.88,2024-11-26,Alto,48,Otro,18,True,False,False,5,Gobierno,53458.52,472889.85,198135.15,411132.41,60949.58,37.36,3019,21.18,2,27,Móvil,Rust,MongoDB,AWS,1143,5323,14.0,4.97,258.54,5698.49,473.83,37625.72,17,30156964.16,Serie B,3159959.17,5.23,https://conecta-crece.com/pitch/484,https://youtube.com/watch?v=pitch484,Escalando
485,Antonio Luis Ortiz,esperanzamartinez@example.net,954 20 70,Medellín,Cundinamarca,Agrotech,False,7835,739483.24,2025-09-19,Alto,31,Otro,14,False,False,True,3,Crowdfunding,185620.77,339101.85,112487.17,277069.65,238439.37,31.49,4079,8.39,-10,21,Blockchain,Java,MySQL,Google Cloud,4992,13159,15.62,4.88,211.37,2501.07,411.39,54303.82,24,10392268.35,Pre-semilla,4986345.42,12.32,https://conecta-crece.com/pitch/485,https://youtube.com/watch?v=pitch485,Idea
486,Enrique Adolfo Romero Bustamante,wagudelo@example.net,+57 603 911 95 77,Cali,Cundinamarca,IA,True,8483,268894.99,2024-11-08,Medio,47,M,11,True,True,True,1,Gobierno,41862.3,321076.65,79341.52,145649.11,241050.26,14.28,4459,6.2,36,19,IA,Rust,MySQL,Google Cloud,14,9134,26.44,8.81,103.08,6690.68,-27.37,50834.42,18,30980833.1,Serie B,1346461.9,26.37,https://conecta-crece.com/pitch/486,https://youtube.com/watch?v=pitch486,Idea
487,Luis García,andressanchez@example.net,57 313 820 51 98,Barranquilla,Antioquia,Fintech,True,7374,555565.55,2024-02-27,Alto,45,M,2,True,True,True,5,VC,216061.15,531840.6,80659.41,296494.76,347879.95,51.75,1665,1.5,-9,27,IA,Python,MongoDB,Google Cloud,3600,8889,20.28,13.51,154.15,4543.37,-21.52,77311.15,4,32716021.96,Serie B,851877.63,26.95,https://conecta-crece.com/pitch/487,https://youtube.com/watch?v=pitch487,Idea
488,Ingrid Yaneth Cardona Villamizar,valeria25@example.net,01 8009 403 809,Bucaramanga,Antioquia,Agrotech,False,2063,36073.85,2025-08-30,Bajo,25,M,9,False,False,False,1,Crowdfunding,178591.8,30286.1,96789.59,332967.31,381913.1,49.1,3283,24.74,-5,13,IA,Python,Firebase,Google Cloud,1042,1934,10.38,5.49,302.7,8735.2,25.31,93581.7,14,9293416.41,Semilla,668176.72,5.2,https://conecta-crece.com/pitch/488,https://youtube.com/watch?v=pitch488,MVP
489,Edgardo Bolaños Cárdenas,fredy57@example.org,(+57)3004403118,Bucaramanga,Valle del Cauca,Agrotech,True,4287,219377.58,2023-10-11,Medio,53,F,16,False,False,False,5,VC,111709.63,155986.13,87414.68,86190.51,339362.78,67.24,4377,7.53,-99,34,Web,JavaScript,MongoDB,Azure,2858,3594,3.95,10.67,432.31,5999.73,-48.17,28668.0,11,32954760.46,Pre-semilla,4656065.47,6.7,https://conecta-crece.com/pitch/489,https://youtube.com/watch?v=pitch489,Escalando
490,María Patricia Carrillo,clarasandoval@example.org,+57 304 220 58 20,Bucaramanga,Antioquia,SaaS,False,8154,240644.41,2025-05-25,Medio,32,F,25,False,True,False,4,VC,213709.65,224860.24,64944.8,91291.38,267702.48,21.92,2836,5.06,-20,9,Blockchain,Python,MongoDB,DigitalOcean,3026,10095,3.44,1.47,174.63,617.03,418.42,9480.54,22,30004388.41,Serie A,2268772.44,12.68,https://conecta-crece.com/pitch/490,https://youtube.com/watch?v=pitch490,Escalando
491,Francisco Vargas Aguirre,arturocalderon@example.net,+57 327 973 09 24,Cali,Antioquia,Healthtech,True,4925,234169.47,2023-08-02,Medio,50,Otro,24,False,True,False,0,VC,174174.29,491629.49,195996.46,230271.7,104575.02,69.32,4940,6.89,-15,17,Blockchain,Rust,MySQL,Google Cloud,1609,2064,16.37,6.61,438.18,779.61,60.57,83422.34,36,45930364.01,Semilla,2164263.88,5.94,https://conecta-crece.com/pitch/491,https://youtube.com/watch?v=pitch491,Escalando
492,Luis Londoño Montenegro,dianacifuentes@example.org,01 8008 135 591,Medellín,Cundinamarca,Healthtech,True,7912,508497.46,2024-05-22,Alto,52,M,1,False,False,True,2,Bootstrapped,94038.28,85558.99,138301.9,204888.26,332827.51,24.89,2682,22.14,23,35,Web,Python,MySQL,Azure,3490,11252,14.87,4.74,435.98,5015.98,354.37,47055.84,27,46682416.65,Serie B,2964809.15,6.63,https://conecta-crece.com/pitch/492,https://youtube.com/watch?v=pitch492,Producto
493,Wilson Jorge Ramírez,quinterolaura@example.com,57 329 721 81 13,Barranquilla,Antioquia,E-commerce,False,6211,228361.47,2025-07-31,Medio,49,F,11,True,True,True,0,Bootstrapped,159679.79,387872.51,95938.11,289142.28,212891.65,26.38,2788,5.75,80,8,IoT,Rust,Firebase,Azure,2365,2808,19.87,6.15,370.7,5194.54,234.19,63829.05,32,29183662.38,Serie B,894947.98,27.77,https://conecta-crece.com/pitch/493,https://youtube.com/watch?v=pitch493,Producto
494,Rosa Patricia Medina,alejandra06@example.org,+573043664033,Barranquilla,Valle del Cauca,SaaS,False,8568,824765.79,2025-06-16,Alto,30,Otro,24,True,True,True,1,Bootstrapped,132332.21,408664.89,146225.62,304992.15,358959.85,69.2,606,24.78,-24,36,IoT,JavaScript,Firebase,AWS,3795,255,27.86,11.38,269.27,9167.45,94.48,36229.49,9,39516387.33,Semilla,2155997.57,24.01,https://conecta-crece.com/pitch/494,https://youtube.com/watch?v=pitch494,MVP
495,Emilio Córdoba,gtrujillo@example.com,(+57) 308 528 85 64,Barranquilla,Cundinamarca,Fintech,True,3615,525456.93,2024-11-28,Alto,23,M,17,False,False,True,0,Crowdfunding,73728.51,690250.05,98336.82,269846.52,110620.82,74.15,4722,1.33,-95,13,Web,Go,Firebase,AWS,3044,5191,5.29,12.99,463.06,5893.49,71.56,79985.27,8,31437406.21,Serie A,3735341.94,18.46,https://conecta-crece.com/pitch/495,https://youtube.com/watch?v=pitch495,Idea
496,Cecilia María Delgado González,leonjanneth@example.com,01 8009 671 124,Barranquilla,Cundinamarca,IA,False,3247,755771.45,2025-06-29,Alto,30,Otro,13,True,True,True,4,Angel,236179.44,55874.16,49723.96,428966.85,50959.57,50.15,3885,9.91,65,23,IA,Python,PostgreSQL,DigitalOcean,356,9423,2.71,8.2,414.91,7996.25,420.57,73131.99,5,14242012.53,Pre-semilla,4402632.07,12.48,https://conecta-crece.com/pitch/496,https://youtube.com/watch?v=pitch496,Escalando
497,Jorge Dario Quintero Bonilla,juan80@example.com,573235392787,Bogotá,Valle del Cauca,SaaS,False,3419,210551.16,2024-08-28,Medio,46,F,5,False,True,True,5,VC,152897.1,419708.7,113669.99,105283.91,97404.2,53.31,58,19.17,39,23,Blockchain,Python,MongoDB,Azure,3699,10926,8.14,9.93,431.78,8222.07,81.67,51297.62,14,17917710.91,Pre-semilla,551246.86,12.25,https://conecta-crece.com/pitch/497,https://youtube.com/watch?v=pitch497,Escalando
498,Claudia Vargas,davidherrera@example.com,+573099472889,Cartagena,Cundinamarca,SaaS,True,8374,956736.2,2024-08-16,Alto,37,F,16,True,False,True,1,Crowdfunding,178350.4,697737.93,130031.38,205519.76,137771.68,27.46,1450,16.12,-4,19,IA,Python,Firebase,AWS,296,14655,4.04,14.99,236.3,9493.02,299.03,24450.08,22,20538777.68,Serie A,262125.8,14.33,https://conecta-crece.com/pitch/498,https://youtube.com/watch?v=pitch498,Idea
499,Mercedes Yeimy González Orozco,edward79@example.org,(+57) 314 389 45 35,Bucaramanga,Cundinamarca,Edtech,False,3556,42286.04,2024-05-27,Bajo,22,F,5,False,False,True,3,Angel,280088.08,356377.09,20489.72,317246.24,270831.74,41.73,4332,22.89,-42,23,Móvil,Python,Firebase,AWS,3437,8134,12.66,10.58,431.68,6626.83,283.75,96693.05,3,28526423.35,Semilla,2552998.75,24.09,https://conecta-crece.com/pitch/499,https://youtube.com/watch?v=pitch499,Producto
500,Eliana Ramírez Sarmiento,johannarestrepo@example.net,57 303 037 18 68,Cartagena,Atlántico,IA,False,5291,938792.06,2024-09-28,Alto,44,M,23,True,False,False,1,Gobierno,36985.76,186117.44,39309.2,321259.94,170387.44,48.7,4587,29.57,-73,27,IA,Python,PostgreSQL,Azure,1716,9697,15.61,8.08,41.85,4984.83,251.61,47102.81,25,48093848.9,Semilla,3674875.56,10.36,https://conecta-crece.com/pitch/500,https://youtube.com/watch?v=pitch500,Producto
